0,1
7/10/00,76.9912
7/11/00,76.4447
7/12/00,70.351
7/13/00,69.1292
7/14/00,66.4653
7/17/00,69.1142
7/18/00,70.8726
7/19/00,56.9146
7/20/00,57.9286
7/21/00,66.6378
7/24/00,70.4157
7/25/00,69.9818
7/26/00,75.6402
7/27/00,79.0086
7/28/00,78.7261
7/31/00,71.5619
8/1/00,78.087
8/2/00,78.5565
8/3/00,71.9187
8/4/00,60.2652
8/7/00,60.2652
8/8/00,61.0646
8/9/00,61.45
8/10/00,63.8883
8/11/00,64.6487
8/14/00,65.8741
8/15/00,60.6328
8/16/00,62.4604
8/17/00,63.2684
8/18/00,55.4408
8/21/00,52.5166
8/22/00,54.5453
8/23/00,46.5606
8/24/00,42.403
8/25/00,41.5414
8/28/00,42.7932
8/29/00,37.5227
8/30/00,41.7866
8/31/00,46.7575
9/1/00,43.0513
9/5/00,47.8101
9/6/00,53.0266
9/7/00,52.2509
9/8/00,62.6285
9/11/00,65.1183
9/12/00,67.0429
9/13/00,64.9479
9/14/00,63.5962
9/15/00,63.9996
9/18/00,53.1169
9/19/00,54.9587
9/20/00,53.579
9/21/00,52.9652
9/22/00,52.9652
9/25/00,51.9304
9/26/00,55.0808
9/27/00,59.3811
9/28/00,61.9934
9/29/00,59.9184
10/2/00,51.2908
10/3/00,42.3735
10/4/00,35.1082
10/5/00,38.8707
10/6/00,37.8576
10/9/00,37.5067
10/10/00,38.1243
10/11/00,34.1285
10/12/00,27.6119
10/13/00,29.5027
10/16/00,39.6831
10/17/00,33.8363
10/18/00,28.2361
10/19/00,33.4549
10/20/00,32.3049
10/23/00,29.8721
10/24/00,27.444
10/25/00,26.4782
10/26/00,28.6416
10/27/00,37.1113
10/30/00,40.2558
10/31/00,39.6459
11/1/00,42.4624
11/2/00,44.7753
11/3/00,43.2766
11/6/00,45.2501
11/7/00,46.257
11/8/00,49.2711
11/9/00,44.3593
11/10/00,40.0587
11/13/00,40.6223
11/14/00,47.9944
11/15/00,49.443
11/16/00,51.3872
11/17/00,48.1937
11/20/00,47.4006
11/21/00,48.5406
11/22/00,45.3642
11/24/00,45.3642
11/27/00,46.7123
11/28/00,50.0316
11/29/00,51.3373
11/30/00,58.8622
12/1/00,59.3825
12/4/00,61.9723
12/5/00,61.9723
12/6/00,73.6594
12/7/00,69.0863
12/8/00,73.2582
12/11/00,75.9989
12/12/00,77.5741
12/13/00,76.0386
12/14/00,70.0646
12/15/00,72.1281
12/18/00,78.1519
12/19/00,78.3458
12/20/00,60.4423
12/21/00,61.6598
12/22/00,58.7394
12/26/00,58.2443
12/27/00,64.1088
12/28/00,69.7086
12/29/00,63.4126
1/2/01,57.7915
1/3/01,62.7192
1/4/01,58.6243
1/5/01,52.3652
1/8/01,51.6663
1/9/01,53.9813
1/10/01,51.3335
1/11/01,52.0571
1/12/01,52.8126
1/16/01,53.2097
1/17/01,55.7746
1/18/01,53.5992
1/19/01,56.1129
1/22/01,55.0425
1/23/01,60.6947
1/24/01,62.5076
1/25/01,63.2381
1/26/01,62.5816
1/29/01,62.9953
1/30/01,65.4627
1/31/01,60.4025
2/1/01,60.8678
2/2/01,56.5719
2/5/01,57.1151
2/6/01,54.1947
2/7/01,48.2204
2/8/01,47.5926
2/9/01,39.5979
2/12/01,39.2039
2/13/01,40.4795
2/14/01,43.9616
2/15/01,47.9836
2/16/01,45.8821
2/20/01,44.8249
2/21/01,37.9909
2/22/01,30.3455
2/23/01,35.2345
2/26/01,40.1927
2/27/01,49.8078
2/28/01,53.0009
3/1/01,54.1163
3/2/01,61.6838
3/5/01,60.2978
3/6/01,57.0357
3/7/01,61.826
3/8/01,63.0155
3/9/01,58.1983
3/12/01,47.6059
3/13/01,48.5141
3/14/01,42.2866
3/15/01,41.009
3/16/01,37.2243
3/19/01,44.4072
3/20/01,50.9202
3/21/01,40.8957
3/22/01,36.976
3/23/01,39.1021
3/26/01,49.3438
3/27/01,49.2045
3/28/01,47.4038
3/29/01,49.3981
3/30/01,51.307
4/2/01,54.1037
4/3/01,47.5656
4/4/01,47.03
4/5/01,55.9561
4/6/01,50.1251
4/9/01,51.2912
4/10/01,53.4172
4/11/01,43.0262
4/12/01,42.3124
4/16/01,47.7575
4/17/01,49.7286
4/18/01,55.9586
4/19/01,57.8726
4/20/01,55.4401
4/23/01,50.6974
4/24/01,53.3324
4/25/01,53.7527
4/26/01,60.6267
4/27/01,65.9289
4/30/01,64.0705
5/1/01,64.5825
5/2/01,63.0348
5/3/01,63.3306
5/4/01,59.6315
5/7/01,58.2076
5/8/01,52.8669
5/9/01,55.3534
5/10/01,56.3924
5/11/01,55.7476
5/14/01,55.4065
5/15/01,60.7517
5/16/01,62.1695
5/17/01,66.1885
5/18/01,69.3739
5/21/01,70.7395
5/22/01,72.8377
5/23/01,75.1699
5/24/01,76.475
5/25/01,73.1033
5/29/01,69.3609
5/30/01,61.8582
5/31/01,64.3499
6/1/01,64.8741
6/4/01,66.6113
6/5/01,69.8885
6/6/01,71.7917
6/7/01,72.4786
6/8/01,59.4416
6/11/01,64.5213
6/12/01,68.738
6/13/01,69.8721
6/14/01,66.743
6/15/01,63.308
6/18/01,66.3475
6/19/01,65.2886
6/20/01,70.1611
6/21/01,71.8942
6/22/01,66.8998
6/25/01,60.9814
6/26/01,67.0615
6/27/01,62.547
6/28/01,66.7637
6/29/01,67.2179
7/2/01,70.5745
7/3/01,71.0887
7/5/01,67.2898
7/6/01,65.7757
7/9/01,50.6409
7/10/01,51.5335
7/11/01,46.1417
7/12/01,52.5423
7/13/01,54.9507
7/16/01,54.1436
7/17/01,54.4637
7/18/01,58.5175
7/19/01,54.6862
7/20/01,52.6353
7/23/01,51.642
7/24/01,45.6166
7/25/01,44.7515
7/26/01,50.2394
7/27/01,51.206
7/30/01,44.7471
7/31/01,46.9407
8/1/01,50.3758
8/2/01,54.9067
8/3/01,58.3347
8/6/01,59.9347
8/7/01,60.4257
8/8/01,62.2524
8/9/01,65.1646
8/10/01,68.6809
8/13/01,68.8839
8/14/01,71.5327
8/15/01,73.9233
8/16/01,76.5241
8/17/01,77.1745
8/20/01,77.1745
8/21/01,81.9839
8/22/01,79.8042
8/23/01,75.6393
8/24/01,64.1093
8/27/01,67.2049
8/28/01,62.0665
8/29/01,51.514
8/30/01,46.7323
8/31/01,45.0724
9/4/01,45.5681
9/5/01,40.2478
9/6/01,35.4035
9/7/01,32.396
9/10/01,30.4512
9/17/01,19.6853
9/18/01,29.3154
9/19/01,26.5041
9/20/01,22.0902
9/21/01,18.278
9/24/01,26.524
9/25/01,31.6904
9/26/01,40.1774
9/27/01,41.1436
9/28/01,46.9564
10/1/01,40.3489
10/2/01,38.7739
10/3/01,34.6557
10/4/01,39.2854
10/5/01,37.7851
10/8/01,37.7851
10/9/01,38.7427
10/10/01,38.7427
10/11/01,47.2221
10/12/01,47.7034
10/15/01,48.2119
10/16/01,44.9192
10/17/01,42.7197
10/18/01,40.0881
10/19/01,37.4034
10/22/01,34.9229
10/23/01,35.2077
10/24/01,31.2336
10/25/01,35.2424
10/26/01,34.2646
10/29/01,37.2638
10/30/01,35.8121
10/31/01,38.9182
11/1/01,48.6239
11/2/01,45.061
11/5/01,45.3826
11/6/01,52.5088
11/7/01,52.3851
11/8/01,52.3188
11/9/01,50.4598
11/12/01,52.8646
11/13/01,55.816
11/14/01,60.8645
11/15/01,61.9809
11/16/01,64.8121
11/19/01,63.065
11/20/01,62.4921
11/21/01,62.4921
11/23/01,65.2388
11/26/01,65.4808
11/27/01,62.1052
11/28/01,64.1634
11/29/01,64.8487
11/30/01,67.2121
12/3/01,65.4518
12/4/01,70.1753
12/5/01,72.1944
12/6/01,73.1197
12/7/01,75.2584
12/10/01,65.061
12/11/01,67.348
12/12/01,60.2673
12/13/01,52.8827
12/14/01,46.2083
12/17/01,54.5257
12/18/01,53.384
12/19/01,53.1272
12/20/01,47.7673
12/21/01,50.8869
12/24/01,55.0696
12/26/01,55.8065
12/27/01,57.3145
12/28/01,60.5742
12/31/01,55.9711
1/2/02,59.3017
1/3/02,61.0639
1/4/02,60.9502
1/7/02,58.4877
1/8/02,56.9537
1/9/02,56.2208
1/10/02,53.7383
1/11/02,53.7383
1/14/02,56.7297
1/15/02,56.5838
1/16/02,54.3262
1/17/02,56.8011
1/18/02,52.2294
1/22/02,54.0866
1/23/02,51.9131
1/24/02,46.845
1/25/02,48.6944
1/28/02,49.1705
1/29/02,41.6736
1/30/02,52.8551
1/31/02,52.1647
2/1/02,56.0017
2/4/02,55.8461
2/5/02,52.8416
2/6/02,45.8507
2/7/02,46.6114
2/8/02,45.9168
2/11/02,56.4102
2/12/02,52.7371
2/13/02,55.7181
2/14/02,59.8127
2/15/02,64.2612
2/19/02,59.2394
2/20/02,62.4034
2/21/02,54.5637
2/22/02,63.1704
2/25/02,64.2452
2/26/02,64.8761
2/27/02,62.3583
2/28/02,61.9018
3/1/02,68.7243
3/4/02,74.0836
3/5/02,78.8253
3/6/02,80.8831
3/7/02,81.0178
3/8/02,66.5098
3/11/02,59.8822
3/12/02,57.0087
3/13/02,59.6962
3/14/02,62.6506
3/15/02,65.2752
3/18/02,64.7309
3/19/02,67.0948
3/20/02,65.3265
3/21/02,67.189
3/22/02,69.4838
3/25/02,59.2924
3/26/02,63.8479
3/27/02,67.3404
3/28/02,64.7732
4/1/02,65.3657
4/2/02,66.2818
4/3/02,65.9063
4/4/02,67.1101
4/5/02,71.8141
4/8/02,75.5346
4/9/02,78.2323
4/10/02,81.4684
4/11/02,76.4501
4/12/02,79.5876
4/15/02,74.5228
4/16/02,61.1191
4/17/02,53.0549
4/18/02,55.1958
4/19/02,52.0984
4/22/02,45.9954
4/23/02,39.6553
4/24/02,43.2117
4/25/02,45.7007
4/26/02,44.1511
4/29/02,41.5853
4/30/02,49.9033
5/1/02,53.825
5/2/02,58.966
5/3/02,58.966
5/6/02,54.2522
5/7/02,51.3655
5/8/02,49.5531
5/9/02,43.9822
5/10/02,40.3209
5/13/02,43.8132
5/14/02,46.5963
5/15/02,49.6564
5/16/02,47.5027
5/17/02,50.3378
5/20/02,46.5251
5/21/02,44.7585
5/22/02,42.4444
5/23/02,54.4325
5/24/02,54.7547
5/28/02,56.679
5/29/02,60.5507
5/30/02,57.2449
5/31/02,58.8575
6/3/02,58.0713
6/4/02,58.6659
6/5/02,58.9792
6/6/02,55.7916
6/7/02,53.5647
6/10/02,56.8995
6/11/02,58.3318
6/12/02,56.4138
6/13/02,56.7363
6/14/02,42.8934
6/17/02,46.5355
6/18/02,44.8487
6/19/02,46.0393
6/20/02,48.9602
6/21/02,55.2388
6/24/02,52.3563
6/25/02,56.0602
6/26/02,53.2726
6/27/02,55.9462
6/28/02,57.1876
7/1/02,51.6967
7/2/02,44.4001
7/3/02,37.1114
7/5/02,40.3223
7/8/02,37.3857
7/9/02,33.033
7/10/02,28.5205
7/11/02,23.6062
7/12/02,22.7615
7/15/02,21.1075
7/16/02,21.7101
7/17/02,22.7689
7/18/02,17.4554
7/19/02,14.9096
7/22/02,13.1753
7/23/02,10.3017
7/24/02,13.7422
7/25/02,26.8379
7/26/02,40.1386
7/29/02,52.2974
7/30/02,55.8003
7/31/02,56.8646
8/1/02,52.8253
8/2/02,47.1766
8/5/02,43.3494
8/6/02,44.0577
8/7/02,49.6203
8/8/02,49.686
8/9/02,46.3953
8/12/02,49.6989
8/13/02,46.6994
8/14/02,48.8422
8/15/02,50.6118
8/16/02,53.8361
8/19/02,53.3361
8/20/02,51.9084
8/21/02,53.5321
8/22/02,54.5242
8/23/02,54.316
8/26/02,56.8442
8/27/02,58.4934
8/28/02,61.3793
8/29/02,58.8871
8/30/02,60.6095
9/3/02,55.0671
9/4/02,56.1104
9/5/02,54.3
9/6/02,54.4132
9/9/02,55.2484
9/10/02,54.1794
9/11/02,55.0491
9/12/02,50.3033
9/13/02,44.456
9/16/02,43.8108
9/17/02,38.9958
9/18/02,38.9374
9/19/02,35.5054
9/20/02,38.8892
9/23/02,37.4969
9/24/02,32.6767
9/25/02,31.6799
9/26/02,40.6486
9/27/02,37.4278
9/30/02,32.9141
10/1/02,31.9013
10/2/02,28.1677
10/3/02,31.5967
10/4/02,25.4029
10/7/02,19.7709
10/8/02,18.0403
10/9/02,15.2864
10/10/02,27.2467
10/11/02,36.2618
10/14/02,33.6516
10/15/02,40.7178
10/16/02,39.4521
10/17/02,42.8028
10/18/02,43.9949
10/21/02,42.6546
10/22/02,37.4579
10/23/02,37.6238
10/24/02,42.5472
10/25/02,48.0432
10/28/02,45.8502
10/29/02,43.9793
10/30/02,43.8508
10/31/02,46.7541
11/1/02,49.15
11/4/02,54.9544
11/5/02,55.143
11/6/02,58.8945
11/7/02,56.6277
11/8/02,52.6848
11/11/02,49.866
11/12/02,52.6499
11/13/02,48.4755
11/14/02,56.4759
11/15/02,56.7558
11/18/02,52.9082
11/19/02,54.4393
11/20/02,55.7224
11/21/02,57.3915
11/22/02,59.3607
11/25/02,59.8468
11/26/02,58.8363
11/27/02,62.3193
11/29/02,62.9829
12/2/02,64.0068
12/3/02,65.16
12/4/02,58.1392
12/5/02,58.4833
12/6/02,59.1345
12/9/02,60.6129
12/10/02,57.3718
12/11/02,56.6963
12/12/02,57.5925
12/13/02,40.0831
12/16/02,42.3926
12/17/02,40.5012
12/18/02,38.3838
12/19/02,35.7841
12/20/02,41.2479
12/23/02,40.8806
12/24/02,47.4329
12/26/02,45.7526
12/27/02,45.3204
12/30/02,47.3557
12/31/02,52.9182
1/2/03,52.9182
1/3/03,61.232
1/6/03,65.3953
1/7/03,55.9949
1/8/03,46.5474
1/9/03,49.0576
1/10/03,45.868
1/13/03,42.5502
1/14/03,41.239
1/15/03,41.1707
1/16/03,36.7751
1/17/03,31.3886
1/21/03,30.6159
1/22/03,31.5235
1/23/03,33.7406
1/24/03,29.9973
1/27/03,26.8802
1/28/03,30.0811
1/29/03,30.0811
1/30/03,33.5782
1/31/03,42.4369
2/3/03,42.949
2/4/03,41.4402
2/5/03,45.3572
2/6/03,45.3572
2/7/03,40.3955
2/10/03,45.978
2/11/03,40.9402
2/12/03,36.8103
2/13/03,36.6046
2/14/03,35.4663
2/18/03,45.4072
2/19/03,50.2456
2/20/03,50.7068
2/21/03,58.4269
2/24/03,51.5135
2/25/03,56.4617
2/26/03,53.3522
2/27/03,57.6573
2/28/03,58.617
3/3/03,57.8106
3/4/03,53.2729
3/5/03,53.6983
3/6/03,49.4331
3/7/03,45.3753
3/10/03,37.5166
3/11/03,36.9476
3/12/03,34.9196
3/13/03,46.158
3/14/03,43.6441
3/17/03,54.783
3/18/03,56.4236
3/19/03,62.0175
3/20/03,65.1627
3/21/03,70.4005
3/24/03,56.6142
3/25/03,60.2564
3/26/03,62.1528
3/27/03,59.241
3/28/03,57.3982
3/31/03,54.7143
4/1/03,60.9494
4/2/03,64.3265
4/3/03,60.3959
4/4/03,59.3853
4/7/03,62.3271
4/8/03,60.8662
4/9/03,58.0108
4/10/03,59.2769
4/11/03,56.0178
4/14/03,61.4809
4/15/03,63.1099
4/16/03,64.1192
4/17/03,67.4941
4/21/03,68.5696
4/22/03,72.8297
4/23/03,72.9374
4/24/03,66.5873
4/25/03,60.9573
4/28/03,58.6901
4/29/03,59.7832
4/30/03,53.4503
5/1/03,57.6682
5/2/03,61.5308
5/5/03,65.9595
5/6/03,67.9065
5/7/03,65.8775
5/8/03,67.2959
5/9/03,69.9435
5/12/03,72.4983
5/13/03,73.0301
5/14/03,69.3185
5/15/03,69.2133
5/16/03,71.7531
5/19/03,67.2962
5/20/03,70.9882
5/21/03,71.9077
5/22/03,75.3177
5/23/03,76.7143
5/27/03,75.4181
5/28/03,61.8173
5/29/03,50.0505
5/30/03,58.9812
6/2/03,60.8756
6/3/03,60.5952
6/4/03,66.4942
6/5/03,66.4188
6/6/03,69.577
6/9/03,65.152
6/10/03,68.2777
6/11/03,71.1339
6/12/03,64.8461
6/13/03,50.2197
6/16/03,54.0823
6/17/03,51.1981
6/18/03,46.4417
6/19/03,47.0359
6/20/03,46.9424
6/23/03,41.8777
6/24/03,45.3082
6/25/03,47.8097
6/26/03,52.9488
6/27/03,52.7295
6/30/03,50.913
7/1/03,56.0127
7/2/03,61.0272
7/3/03,62.8136
7/7/03,65.4654
7/8/03,66.7073
7/9/03,62.8421
7/10/03,55.3015
7/11/03,58.6941
7/14/03,62.0826
7/15/03,60.966
7/16/03,61.2748
7/17/03,54.0387
7/18/03,55.3298
7/21/03,55.0633
7/22/03,56.9076
7/23/03,55.8602
7/24/03,57.2522
7/25/03,61.153
7/28/03,57.8112
7/29/03,61.1282
7/30/03,66.5488
7/31/03,64.4559
8/1/03,61.4222
8/4/03,56.2122
8/5/03,54.1263
8/6/03,55.5091
8/7/03,57.2282
8/8/03,59.0628
8/11/03,57.8227
8/12/03,57.5226
8/13/03,52.3525
8/14/03,56.5574
8/15/03,53.4882
8/18/03,57.3086
8/19/03,59.5019
8/20/03,61.2869
8/21/03,62.4282
8/22/03,55.1023
8/25/03,46.7289
8/26/03,53.948
8/27/03,59.0682
8/28/03,58.7077
8/29/03,61.9003
9/2/03,67.6113
9/3/03,70.5995
9/4/03,72.2995
9/5/03,68.252
9/8/03,69.4048
9/9/03,65.998
9/10/03,52.5337
9/11/03,57.1789
9/12/03,50.9889
9/15/03,49.7772
9/16/03,49.5769
9/17/03,47.3209
9/18/03,50.962
9/19/03,55.53
9/22/03,53.0614
9/23/03,56.9869
9/24/03,53.0692
9/25/03,52.3712
9/26/03,53.0364
9/29/03,56.2529
9/30/03,60.0072
10/1/03,63.8277
10/2/03,67.4864
10/3/03,71.8265
10/6/03,75.7372
10/7/03,71.4096
10/8/03,71.6423
10/9/03,72.1707
10/10/03,72.8415
10/13/03,74.3008
10/14/03,74.5948
10/15/03,71.814
10/16/03,72.418
10/17/03,62.2436
10/20/03,60.0008
10/21/03,60.6551
10/22/03,53.7154
10/23/03,45.6964
10/24/03,40.5011
10/27/03,49.419
10/28/03,45.1663
10/29/03,51.7025
10/30/03,53.2043
10/31/03,50.6246
11/3/03,58.5417
11/4/03,59.9987
11/5/03,58.7631
11/6/03,62.6307
11/7/03,64.8138
11/10/03,62.9711
11/11/03,57.8359
11/12/03,65.3406
11/13/03,66.2895
11/14/03,68.5421
11/17/03,62.3808
11/18/03,63.0953
11/19/03,61.3911
11/20/03,51.6629
11/21/03,46.9708
11/24/03,53.9735
11/25/03,59.5241
11/26/03,61.2036
11/28/03,62.5067
12/1/03,67.7554
12/2/03,67.3524
12/3/03,65.3437
12/4/03,61.9449
12/5/03,61.9969
12/8/03,65.8143
12/9/03,65.165
12/10/03,61.5233
12/11/03,66.3522
12/12/03,55.2011
12/15/03,52.1457
12/16/03,55.9393
12/17/03,56.2839
12/18/03,57.8228
12/19/03,59.5905
12/22/03,61.9922
12/23/03,59.6295
12/24/03,62.528
12/26/03,63.3945
12/29/03,66.1481
12/30/03,68.2479
12/31/03,61.1962
1/2/04,58.4621
1/5/04,58.736
1/6/04,60.0135
1/7/04,55.4909
1/8/04,57.0744
1/9/04,57.8019
1/12/04,58.6407
1/13/04,59.5075
1/14/04,65.3696
1/15/04,63.7787
1/16/04,55.008
1/20/04,55.4598
1/21/04,57.1288
1/22/04,61.1367
1/23/04,66.042
1/26/04,73.3005
1/27/04,77.2313
1/28/04,72.8008
1/29/04,73.7401
1/30/04,76.3757
2/2/04,80.4961
2/3/04,78.5517
2/4/04,61.9599
2/5/04,62.5921
2/6/04,71.5579
2/9/04,70.6029
2/10/04,72.9366
2/11/04,75.0134
2/12/04,64.8996
2/13/04,60.6936
2/17/04,61.3361
2/18/04,61.5616
2/19/04,60.0526
2/20/04,60.1578
2/23/04,60.3824
2/24/04,61.6065
2/25/04,65.1913
2/26/04,65.1913
2/27/04,63.0892
3/1/04,71.9893
3/2/04,74.4542
3/3/04,76.1804
3/4/04,77.1402
3/5/04,79.1046
3/8/04,79.164
3/9/04,77.1585
3/10/04,63.0031
3/11/04,53.5557
3/12/04,59.3346
3/15/04,59.3346
3/16/04,56.3763
3/17/04,63.8895
3/18/04,66.1952
3/19/04,67.8991
3/22/04,62.4307
3/23/04,63.1067
3/24/04,58.7078
3/25/04,63.3557
3/26/04,49.8029
3/29/04,51.0835
3/30/04,57.5654
3/31/04,59.8724
4/1/04,64.5432
4/2/04,57.202
4/5/04,40.6178
4/6/04,31.4405
4/7/04,36.7963
4/8/04,32.8485
4/12/04,25.6013
4/13/04,24.6453
4/14/04,23.6696
4/15/04,30.9243
4/16/04,34.2556
4/19/04,35.4293
4/20/04,29.512
4/21/04,31.0412
4/22/04,35.4011
4/23/04,33.7232
4/26/04,36.2576
4/27/04,38.8442
4/28/04,36.337
4/29/04,33.6112
4/30/04,33.0392
5/3/04,38.3145
5/4/04,38.8701
5/5/04,37.7946
5/6/04,37.7691
5/7/04,30.717
5/10/04,28.5315
5/11/04,32.2108
5/12/04,31.796
5/13/04,32.219
5/14/04,37.8037
5/17/04,39.7478
5/18/04,46.8978
5/19/04,40.438
5/20/04,47.9793
5/21/04,47.5272
5/24/04,49.6396
5/25/04,56.3009
5/26/04,60.0591
5/27/04,60.8152
5/28/04,63.5406
6/1/04,58.9635
6/2/04,62.5329
6/3/04,61.3024
6/4/04,61.5738
6/7/04,64.0199
6/8/04,63.5359
6/9/04,60.8131
6/10/04,58.6003
6/14/04,49.9083
6/15/04,56.6584
6/16/04,58.2133
6/17/04,60.7887
6/18/04,61.2427
6/21/04,64.7579
6/22/04,63.9768
6/23/04,65.4718
6/24/04,66.0484
6/25/04,59.8711
6/28/04,62.3091
6/29/04,52.0857
6/30/04,55.907
7/1/04,56.6303
7/2/04,63.1969
7/6/04,60.0463
7/7/04,63.9204
7/8/04,57.047
7/9/04,56.8276
7/12/04,59.5103
7/13/04,54.7475
7/14/04,57.1952
7/15/04,60.8325
7/16/04,59.8369
7/19/04,62.7578
7/20/04,62.7905
7/21/04,56.384
7/22/04,48.1033
7/23/04,44.3362
7/26/04,41.6904
7/27/04,42.3726
7/28/04,45.8338
7/29/04,46.2257
7/30/04,49.2881
8/2/04,56.0297
8/3/04,57.7469
8/4/04,60.818
8/5/04,52.9353
8/6/04,52.2343
8/9/04,51.0215
8/10/04,54.3967
8/11/04,53.6435
8/12/04,48.3404
8/13/04,48.5001
8/16/04,55.2532
8/17/04,59.8027
8/18/04,65.0665
8/19/04,56.7908
8/20/04,65.2384
8/23/04,65.5025
8/24/04,68.4694
8/25/04,65.5651
8/26/04,66.6723
8/27/04,67.0714
8/30/04,69.0123
8/31/04,71.2406
9/1/04,68.8634
9/2/04,70.6318
9/3/04,72.2731
9/7/04,75.1407
9/8/04,73.8532
9/9/04,62.2944
9/10/04,62.6078
9/13/04,57.412
9/14/04,50.7351
9/15/04,53.3098
9/16/04,60.474
9/17/04,57.7613
9/20/04,54.9121
9/21/04,55.1176
9/22/04,53.1855
9/23/04,50.214
9/24/04,45.9261
9/27/04,44.693
9/28/04,47.6103
9/29/04,47.4548
9/30/04,51.2822
10/1/04,62.0727
10/4/04,61.5291
10/5/04,62.8526
10/6/04,63.606
10/7/04,55.4468
10/8/04,59.6295
10/11/04,56.59
10/12/04,61.2229
10/13/04,58.1521
10/14/04,61.0406
10/15/04,64.6107
10/18/04,64.6107
10/19/04,62.2432
10/20/04,58.1279
10/21/04,64.0093
10/22/04,57.2098
10/25/04,55.7036
10/26/04,61.0548
10/27/04,64.5669
10/28/04,65.4069
10/29/04,63.4497
11/1/04,67.3984
11/2/04,62.096
11/3/04,66.0509
11/4/04,72.0238
11/5/04,55.0926
11/8/04,57.1716
11/9/04,58.2288
11/10/04,60.4285
11/11/04,63.1822
11/12/04,69.8185
11/15/04,72.3696
11/16/04,66.9917
11/17/04,57.0113
11/18/04,57.4295
11/19/04,51.6573
11/22/04,54.3152
11/23/04,57.9086
11/24/04,62.0559
11/26/04,59.3029
11/29/04,58.113
11/30/04,59.6532
12/1/04,65.8529
12/2/04,61.2637
12/3/04,66.0777
12/6/04,67.2575
12/7/04,60.4636
12/8/04,61.0686
12/9/04,63.1917
12/10/04,66.2368
12/13/04,64.9362
12/14/04,63.5461
12/15/04,65.2803
12/16/04,60.2907
12/17/04,63.0161
12/20/04,62.5732
12/21/04,65.4761
12/22/04,67.6892
12/23/04,53.7876
12/27/04,54.7333
12/28/04,56.1335
12/29/04,58.0944
12/30/04,60.1432
12/31/04,58.529
1/3/05,51.6124
1/4/05,45.3175
1/5/05,33.4904
1/6/05,37.3715
1/7/05,37.3478
1/10/05,37.1701
1/11/05,33.647
1/12/05,32.6224
1/13/05,35.2756
1/14/05,41.3366
1/18/05,46.4911
1/19/05,47.2323
1/20/05,44.6389
1/21/05,45.8504
1/24/05,41.804
1/25/05,34.9328
1/26/05,35.7924
1/27/05,32.6918
1/28/05,35.3071
1/31/05,33.3735
2/1/05,41.4753
2/2/05,46.8686
2/3/05,46.1003
2/4/05,51.9601
2/7/05,50.9399
2/8/05,51.994
2/9/05,54.6742
2/10/05,56.2744
2/11/05,58.0953
2/14/05,58.9768
2/15/05,60.3817
2/16/05,62.7118
2/17/05,62.2593
2/18/05,54.7792
2/22/05,41.0158
2/23/05,41.364
2/24/05,39.9843
2/25/05,50.5103
2/28/05,47.3689
3/1/05,51.4823
3/2/05,49.5634
3/3/05,50.471
3/4/05,59.5739
3/7/05,63.0233
3/8/05,57.5091
3/9/05,45.1114
3/10/05,48.2036
3/11/05,43.2737
3/14/05,49.2886
3/15/05,48.4975
3/16/05,44.2333
3/17/05,48.3796
3/18/05,46.0418
3/21/05,43.516
3/22/05,38.3125
3/23/05,36.8875
3/24/05,34.6006
3/28/05,34.4612
3/29/05,34.0669
3/30/05,40.6072
3/31/05,39.3719
4/1/05,40.7582
4/4/05,38.9977
4/5/05,39.2545
4/6/05,44.2132
4/7/05,46.2387
4/8/05,39.4451
4/11/05,45.7132
4/12/05,53.8006
4/13/05,52.8802
4/14/05,50.1105
4/15/05,47.9919
4/18/05,49.8523
4/19/05,53.8894
4/20/05,51.2248
4/21/05,52.4486
4/22/05,53.4887
4/25/05,60.7015
4/26/05,60.2709
4/27/05,63.5435
4/28/05,60.2999
4/29/05,65.0818
5/2/05,64.26
5/3/05,66.1661
5/4/05,67.2995
5/5/05,69.5587
5/6/05,64.3089
5/9/05,70.3491
5/10/05,69.015
5/11/05,70.0631
5/12/05,63.2763
5/13/05,56.5929
5/16/05,61.8062
5/17/05,64.1262
5/18/05,68.1743
5/19/05,72.9421
5/20/05,72.711
5/23/05,72.8038
5/24/05,64.5836
5/25/05,57.2694
5/26/05,55.1501
5/27/05,57.4363
5/31/05,60.7388
6/1/05,65.8457
6/2/05,63.9999
6/3/05,61.7626
6/6/05,65.5319
6/7/05,68.0353
6/8/05,69.7692
6/9/05,10.5721
6/10/05,10.563
6/13/05,11.0606
6/14/05,11.7655
6/15/05,11.7301
6/16/05,12.1828
6/17/05,13.5271
6/20/05,13.3077
6/21/05,13.0911
6/22/05,13.1757
6/23/05,13.0899
6/24/05,12.8983
6/27/05,13.5922
6/28/05,14.4349
6/29/05,14.9536
6/30/05,15.0153
7/1/05,16.8012
7/5/05,19.0982
7/6/05,18.9027
7/7/05,19.8233
7/8/05,23.2032
7/11/05,26.2536
7/12/05,26.6743
7/13/05,25.8373
7/14/05,24.281
7/15/05,25.5973
7/18/05,26.8301
7/19/05,28.8976
7/20/05,31.9114
7/21/05,29.6095
7/22/05,32.6342
7/25/05,33.4167
7/26/05,36.4002
7/27/05,36.8573
7/28/05,41.4397
7/29/05,40.9126
8/1/05,40.4326
8/2/05,44.2268
8/3/05,43.2935
8/4/05,39.4244
8/5/05,31.2049
8/8/05,26.3185
8/9/05,31.4281
8/10/05,31.0859
8/11/05,35.8656
8/12/05,35.5375
8/15/05,39.135
8/16/05,40.009
8/17/05,37.7814
8/18/05,36.181
8/19/05,35.1824
8/22/05,37.1829
8/23/05,37.7348
8/24/05,38.962
8/25/05,41.5876
8/26/05,38.3322
8/29/05,36.4689
8/30/05,39.3273
8/31/05,47.5208
9/1/05,50.6746
9/2/05,49.4203
9/6/05,57.6594
9/7/05,55.0153
9/8/05,52.6741
9/9/05,53.8491
9/12/05,53.4206
9/13/05,50.3296
9/14/05,50.0395
9/15/05,52.1197
9/16/05,48.9821
9/19/05,45.4465
9/20/05,42.3596
9/21/05,34.0556
9/22/05,37.9834
9/23/05,34.2268
9/26/05,37.6752
9/27/05,36.1446
9/28/05,34.4371
9/29/05,42.9707
9/30/05,48.7855
10/3/05,49.538
10/4/05,42.7704
10/5/05,36.9404
10/6/05,34.9821
10/7/05,33.9484
10/10/05,31.3696
10/11/05,29.6854
10/12/05,25.6799
10/13/05,28.3717
10/14/05,37.2628
10/17/05,40.9558
10/18/05,37.0839
10/19/05,42.2624
10/20/05,38.1497
10/21/05,41.5526
10/24/05,47.0721
10/25/05,47.3762
10/26/05,44.2548
10/27/05,41.084
10/28/05,51.422
10/31/05,52.7279
11/1/05,47.0114
11/2/05,50.2218
11/3/05,47.8532
11/4/05,47.524
11/7/05,49.6976
11/8/05,47.5174
11/9/05,50.9303
11/10/05,59.4497
11/11/05,62.0388
11/14/05,58.7645
11/15/05,58.6935
11/16/05,56.9166
11/17/05,61.9783
11/18/05,64.3272
11/21/05,65.4101
11/22/05,68.9995
11/23/05,70.2886
11/25/05,71.1879
11/28/05,64.5967
11/29/05,65.1755
11/30/05,59.9837
12/1/05,64.6143
12/2/05,64.17
12/5/05,58.9335
12/6/05,58.505
12/7/05,54.1783
12/8/05,57.8632
12/9/05,58.8185
12/12/05,58.3437
12/13/05,61.3666
12/14/05,63.2797
12/15/05,57.1809
12/16/05,59.2264
12/19/05,51.7854
12/20/05,50.2738
12/21/05,53.7471
12/22/05,50.6462
12/23/05,52.092
12/27/05,50.5899
12/28/05,49.2516
12/29/05,45.8899
12/30/05,41.7162
1/3/06,56.8207
1/4/06,58.7923
1/5/06,61.7397
1/6/06,65.0608
1/9/06,68.3741
1/10/06,70.4624
1/11/06,70.8311
1/12/06,68.7514
1/13/06,57.6175
1/17/06,57.4354
1/18/06,56.2858
1/19/06,61.7182
1/20/06,53.7111
1/23/06,56.3449
1/24/06,60.4865
1/25/06,58.1995
1/26/06,59.5182
1/27/06,65.4964
1/30/06,63.0392
1/31/06,63.9708
2/1/06,66.0447
2/2/06,62.6979
2/3/06,54.2879
2/6/06,55.5289
2/7/06,50.8903
2/8/06,49.6268
2/9/06,51.858
2/10/06,51.5741
2/13/06,52.3236
2/14/06,56.8214
2/15/06,61.0907
2/16/06,65.1457
2/17/06,68.1729
2/21/06,68.6422
2/22/06,73.5286
2/23/06,71.0913
2/24/06,66.0066
2/27/06,66.2601
2/28/06,62.1422
3/1/06,64.5844
3/2/06,62.4163
3/3/06,58.7907
3/6/06,67.7071
3/7/06,57.0164
3/8/06,57.9195
3/9/06,62.5478
3/10/06,66.8601
3/13/06,64.1084
3/14/06,67.13
3/15/06,72.6992
3/16/06,75.5018
3/17/06,78.0787
3/20/06,67.3598
3/21/06,59.3315
3/22/06,60.3217
3/23/06,60.1715
3/24/06,58.5229
3/27/06,53.1464
3/28/06,57.8391
3/29/06,65.2821
3/30/06,57.4768
3/31/06,58.6347
4/3/06,49.3694
4/4/06,48.1406
4/5/06,51.8512
4/6/06,49.5282
4/7/06,44.1067
4/10/06,40.33
4/11/06,39.6419
4/12/06,39.2811
4/13/06,35.8139
4/17/06,34.6063
4/18/06,45.6905
4/19/06,51.0613
4/20/06,51.4308
4/21/06,51.4871
4/24/06,49.271
4/25/06,46.2909
4/26/06,44.4383
4/27/06,49.2252
4/28/06,50.5365
5/1/06,43.8319
5/2/06,40.8599
5/3/06,41.3948
5/4/06,47.4627
5/5/06,55.0682
5/8/06,56.3115
5/9/06,56.4244
5/10/06,56.7853
5/11/06,46.0415
5/12/06,40.4736
5/15/06,46.5188
5/16/06,45.7572
5/17/06,38.6513
5/18/06,37.8279
5/19/06,37.1992
5/22/06,35.1753
5/23/06,33.1871
5/24/06,34.1463
5/25/06,44.1797
5/26/06,48.473
5/30/06,45.2983
5/31/06,44.7247
6/1/06,53.797
6/2/06,57.7394
6/5/06,58.2443
6/6/06,53.3693
6/7/06,54.97
6/8/06,52.7417
6/9/06,56.9684
6/12/06,49.6029
6/13/06,44.5209
6/14/06,43.9349
6/15/06,51.4431
6/16/06,52.5271
6/19/06,48.6489
6/20/06,46.1446
6/21/06,47.6955
6/22/06,44.7395
6/23/06,43.2092
6/26/06,48.2664
6/27/06,47.3452
6/28/06,49.1374
6/29/06,58.2025
6/30/06,60.0389
7/3/06,66.1211
7/5/06,65.6208
7/6/06,66.6182
7/7/06,63.8961
7/10/06,67.4742
7/11/06,67.2827
7/12/06,68.8081
7/13/06,58.368
7/14/06,51.2434
7/17/06,50.8985
7/18/06,56.2849
7/19/06,64.719
7/20/06,58.3092
7/21/06,50.2925
7/24/06,56.2468
7/25/06,58.3936
7/26/06,59.7135
7/27/06,56.301
7/28/06,61.0515
7/31/06,58.9006
8/1/06,56.6866
8/2/06,56.6866
8/3/06,60.5668
8/4/06,65.274
8/7/06,59.6127
8/8/06,52.3393
8/9/06,48.7677
8/10/06,49.5849
8/11/06,46.3967
8/14/06,50.244
8/15/06,54.6874
8/16/06,55.69
8/17/06,56.1084
8/18/06,56.2197
8/21/06,58.6475
8/22/06,62.1679
8/23/06,55.7589
8/24/06,57.715
8/25/06,57.0936
8/28/06,62.1415
8/29/06,62.1415
8/30/06,64.9967
8/31/06,64.9967
9/1/06,61.2927
9/5/06,64.9188
9/6/06,61.1589
9/7/06,56.7144
9/8/06,61.4548
9/11/06,62.0934
9/12/06,67.3385
9/13/06,70.4518
9/14/06,70.4518
9/15/06,71.3565
9/18/06,66.4282
9/19/06,68.9909
9/20/06,66.2671
9/21/06,58.3308
9/22/06,60.8552
9/25/06,60.3629
9/26/06,53.8014
9/27/06,58.4562
9/28/06,56.0072
9/29/06,55.0867
10/2/06,54.8923
10/3/06,60.5169
10/4/06,65.8383
10/5/06,68.3711
10/6/06,62.3551
10/9/06,65.355
10/10/06,65.5225
10/11/06,63.2187
10/12/06,67.6003
10/13/06,71.371
10/16/06,72.8723
10/17/06,68.3323
10/18/06,70.7374
10/19/06,68.4522
10/20/06,67.2819
10/23/06,69.4214
10/24/06,66.5833
10/25/06,69.0151
10/26/06,73.0801
10/27/06,66.7528
10/30/06,70.7645
10/31/06,69.605
11/1/06,61.952
11/2/06,48.952
11/3/06,44.0109
11/6/06,48.8575
11/7/06,44.3024
11/8/06,45.613
11/9/06,47.1023
11/10/06,49.6277
11/13/06,50.672
11/14/06,56.438
11/15/06,57.5956
11/16/06,60.1311
11/17/06,59.1785
11/20/06,71.622
11/21/06,76.0049
11/22/06,76.6566
11/24/06,77.7674
11/27/06,60.2277
11/28/06,61.1589
11/29/06,65.8403
11/30/06,68.9075
12/1/06,67.5327
12/4/06,70.9639
12/5/06,66.6213
12/6/06,66
12/7/06,59.794
12/8/06,59.9684
12/11/06,62.0087
12/12/06,59.2514
12/13/06,56.0185
12/14/06,56.881
12/15/06,53.3594
12/18/06,51.638
12/19/06,47.3598
12/20/06,44.8948
12/21/06,40.3693
12/22/06,37.1436
12/26/06,43.3856
12/27/06,48.2455
12/28/06,49.8551
12/29/06,48.5541
1/3/07,52.0571
1/4/07,51.9107
1/5/07,43.3721
1/8/07,43.2542
1/9/07,50.3082
1/10/07,58.0147
1/11/07,62.5736
1/12/07,63.8799
1/16/07,67.8659
1/17/07,68.8385
1/18/07,66.3433
1/19/07,69.4082
1/22/07,67.1008
1/23/07,68.1564
1/24/07,72.6866
1/25/07,74.4177
1/26/07,75.2773
1/29/07,76.1098
1/30/07,77.1
1/31/07,80.0574
2/1/07,79.5205
2/2/07,81.2783
2/5/07,80.5907
2/6/07,83.7077
2/7/07,86.2866
2/8/07,79.1921
2/9/07,68.0602
2/12/07,57.8535
2/13/07,63.9402
2/14/07,60.6228
2/15/07,63.3529
2/16/07,61.4219
2/20/07,64.2799
2/21/07,61.212
2/22/07,58.336
2/23/07,51.1257
2/26/07,48.2341
2/27/07,37.0325
2/28/07,40.4868
3/1/07,38.6404
3/2/07,33.6782
3/5/07,26.5557
3/6/07,38.9412
3/7/07,36.1322
3/8/07,41.1878
3/9/07,44.8447
3/12/07,46.3501
3/13/07,40.1769
3/14/07,41.6328
3/15/07,43.982
3/16/07,42.5972
3/19/07,45.8847
3/20/07,46.9499
3/21/07,51.4357
3/22/07,51.1683
3/23/07,48.456
3/26/07,43.6504
3/27/07,41.3289
3/28/07,38.2724
3/29/07,40.429
3/30/07,44.12
4/2/07,48.5123
4/3/07,51.5573
4/4/07,49.1769
4/5/07,49.4854
4/9/07,49.2097
4/10/07,50.3029
4/11/07,44.8243
4/12/07,42.8736
4/13/07,47.9182
4/16/07,47.8204
4/17/07,54.0339
4/18/07,52.3422
4/19/07,48.3945
4/20/07,53.1625
4/23/07,56.5648
4/24/07,53.191
4/25/07,53.7847
4/26/07,54.4075
4/27/07,52.564
4/30/07,43.437
5/1/07,41.3533
5/2/07,45.7156
5/3/07,47.7486
5/4/07,45.4313
5/7/07,45.9568
5/8/07,42.8463
5/9/07,49.3703
5/10/07,44.6069
5/11/07,50.3103
5/14/07,45.5277
5/15/07,40.2612
5/16/07,37.1243
5/17/07,31.9664
5/18/07,29.8521
5/21/07,33.5833
5/22/07,38.8961
5/23/07,36.4921
5/24/07,32.3513
5/25/07,35.564
5/29/07,48.3973
5/30/07,56.4563
5/31/07,55.4539
6/1/07,55.2701
6/4/07,57.3264
6/5/07,50.4366
6/6/07,48.2168
6/7/07,39.1205
6/8/07,44.8909
6/11/07,41.0737
6/12/07,36.3773
6/13/07,43.3527
6/14/07,40.9891
6/15/07,45.6257
6/18/07,42.0663
6/19/07,42.3837
6/20/07,39.5811
6/21/07,37.3638
6/22/07,36.5373
6/25/07,31.9899
6/26/07,31.7286
6/27/07,39.7728
6/28/07,36.8341
6/29/07,36.5571
7/2/07,45.2107
7/3/07,43.9848
7/5/07,49.0879
7/6/07,48.4516
7/9/07,49.691
7/10/07,41.0177
7/11/07,41.0177
7/12/07,45.4359
7/13/07,48.6086
7/16/07,46.8861
7/17/07,44.9001
7/18/07,43.2372
7/19/07,44.5739
7/20/07,39.6953
7/23/07,35.2444
7/24/07,30.0101
7/25/07,30.5795
7/26/07,26.6154
7/27/07,23.2211
7/30/07,27.3151
7/31/07,25.4158
8/1/07,31.3667
8/2/07,36.5692
8/3/07,30.2831
8/6/07,38.0947
8/7/07,39.2625
8/8/07,48.6512
8/9/07,48.2511
8/10/07,41.3016
8/13/07,40.5379
8/14/07,34.377
8/15/07,32.8821
8/16/07,39.5279
8/17/07,46.2669
8/20/07,49.1278
8/21/07,52.2337
8/22/07,53.8875
8/23/07,52.1693
8/24/07,50.6276
8/27/07,47.417
8/28/07,40.98
8/29/07,47.19
8/30/07,48.2984
8/31/07,52.7251
9/4/07,55.5516
9/5/07,49.782
9/6/07,51.148
9/7/07,46.9318
9/10/07,43.1308
9/11/07,47.4159
9/12/07,47.8457
9/13/07,52.1547
9/14/07,53.2493
9/17/07,52.7297
9/18/07,59.6898
9/19/07,63.5815
9/20/07,59.7726
9/21/07,59.8271
9/24/07,61.6745
9/25/07,53.767
9/26/07,55.1263
9/27/07,57.3856
9/28/07,56.3252
10/1/07,62.4009
10/2/07,64.2979
10/3/07,64.201
10/4/07,64.288
10/5/07,68.5874
10/8/07,63.8424
10/9/07,65.1688
10/10/07,64.5589
10/11/07,61.5155
10/12/07,58.3345
10/15/07,50.4406
10/16/07,45.2246
10/17/07,44.4194
10/18/07,45.4162
10/19/07,36.6979
10/22/07,41.195
10/23/07,44.2419
10/24/07,43.1311
10/25/07,42.3674
10/26/07,47.8381
10/29/07,45.5119
10/30/07,47.2205
10/31/07,53.5015
11/1/07,42.4904
11/2/07,37.9895
11/5/07,35.1525
11/6/07,38.7073
11/7/07,32.4495
11/8/07,34.4976
11/9/07,33.8939
11/12/07,33.9458
11/13/07,45.5414
11/14/07,42.1574
11/15/07,40.9329
11/16/07,36.998
11/19/07,33.5735
11/20/07,30.0025
11/21/07,28.9657
11/23/07,35.1006
11/26/07,29.5771
11/27/07,31.7541
11/28/07,43.7667
11/29/07,45.6078
11/30/07,47.7516
12/3/07,46.1893
12/4/07,41.0304
12/5/07,47.7012
12/6/07,54.8293
12/7/07,53.7253
12/10/07,58.3681
12/11/07,46.5933
12/12/07,47.1928
12/13/07,44.2735
12/14/07,39.7101
12/17/07,37.3093
12/18/07,40.042
12/19/07,41.8299
12/20/07,42.6668
12/21/07,46.4502
12/24/07,51.9872
12/26/07,48.5943
12/27/07,43.109
12/28/07,40.7948
12/31/07,41.4852
1/2/08,40.1004
1/3/08,35.2402
1/4/08,31.3604
1/7/08,33.604
1/8/08,29.5203
1/9/08,34.0298
1/10/08,36.9981
1/11/08,36.7754
1/14/08,36.3745
1/15/08,32.7754
1/16/08,36.0741
1/17/08,34.3531
1/18/08,33.1852
1/22/08,41.6825
1/23/08,56.5907
1/24/08,52.8307
1/25/08,50.3188
1/28/08,56.2217
1/29/08,55.0332
1/30/08,50.5984
1/31/08,54.5197
2/1/08,60.2107
2/4/08,57.0287
2/5/08,51.1759
2/6/08,48.0588
2/7/08,51.9425
2/8/08,46.9582
2/11/08,44.1066
2/12/08,49.2306
2/13/08,49.9864
2/14/08,48.7363
2/15/08,48.0355
2/19/08,45.0569
2/20/08,49.4932
2/21/08,45.5588
2/22/08,49.9064
2/25/08,55.1067
2/26/08,54.9825
2/27/08,53.4581
2/28/08,49.2069
2/29/08,45.9651
3/3/08,47.0978
3/4/08,45.5523
3/5/08,45.3629
3/6/08,37.3397
3/7/08,39.7313
3/10/08,37.2317
3/11/08,51.4341
3/12/08,47.6591
3/13/08,49.919
3/14/08,47.0486
3/17/08,45.8898
3/18/08,54.8678
3/19/08,52.7436
3/20/08,59.1694
3/24/08,61.5636
3/25/08,60.8224
3/26/08,55.0182
3/27/08,54.1477
3/28/08,51.0125
3/31/08,52.2794
4/1/08,60.4718
4/2/08,61.1232
4/3/08,64.191
4/4/08,60.0365
4/7/08,59.4549
4/8/08,56.298
4/9/08,51.5663
4/10/08,51.0971
4/11/08,50.253
4/14/08,48.9467
4/15/08,50.2617
4/16/08,59.6446
4/17/08,60.7634
4/18/08,60.9673
4/21/08,57.7794
4/22/08,56.3089
4/23/08,59.0778
4/24/08,64.0202
4/25/08,64.713
4/28/08,65.1942
4/29/08,59.5636
4/30/08,53.6093
5/1/08,59.3702
5/2/08,59.7688
5/5/08,58.8875
5/6/08,60.9311
5/7/08,50.7851
5/8/08,50.6547
5/9/08,48.466
5/12/08,54.7411
5/13/08,56.1968
5/14/08,58.0428
5/15/08,61.329
5/16/08,58.6853
5/19/08,60.7773
5/20/08,52.8748
5/21/08,46.2269
5/22/08,44.4072
5/23/08,42.6767
5/27/08,47.531
5/28/08,48.8767
5/29/08,52.2671
5/30/08,50.8547
6/2/08,46.1971
6/3/08,46.4693
6/4/08,48.5974
6/5/08,56.982
6/6/08,44.3677
6/9/08,39.1362
6/10/08,40.3897
6/11/08,36.1632
6/12/08,38.1967
6/13/08,44.6948
6/16/08,48.7604
6/17/08,41.857
6/18/08,38.9472
6/19/08,44.6165
6/20/08,39.7513
6/23/08,36.2711
6/24/08,36.4053
6/25/08,38.5879
6/26/08,32.7212
6/27/08,31.6309
6/30/08,31.165
7/1/08,33.0244
7/2/08,29.8713
7/3/08,28.7538
7/7/08,26.083
7/8/08,45.0505
7/9/08,34.62
7/10/08,38.1479
7/11/08,38.2163
7/14/08,34.0594
7/15/08,33.0399
7/16/08,45.8162
7/17/08,48.419
7/18/08,48.4739
7/21/08,49.0006
7/22/08,54.4343
7/23/08,57.7875
7/24/08,46.843
7/25/08,49.2363
7/28/08,46.0565
7/29/08,53.5106
7/30/08,52.7055
7/31/08,50.7428
8/1/08,51.14
8/4/08,48.661
8/5/08,55.5897
8/6/08,54.6831
8/7/08,50.1339
8/8/08,55.3475
8/11/08,58.9617
8/12/08,54.5665
8/13/08,51.615
8/14/08,54.3025
8/15/08,53.9949
8/18/08,49.8866
8/19/08,46.2381
8/20/08,46.7223
8/21/08,44.2882
8/22/08,49.0009
8/25/08,44.9634
8/26/08,46.5778
8/27/08,48.4824
8/28/08,54.9592
8/29/08,52.4759
9/2/08,54.8557
9/3/08,57.4447
9/4/08,50.281
9/5/08,51.5628
9/8/08,59.3027
9/9/08,50.1658
9/10/08,51.1168
9/11/08,53.1824
9/12/08,55.0863
9/15/08,43.8022
9/16/08,49.0816
9/17/08,42.3967
9/18/08,54.0572
9/19/08,57.9118
9/22/08,46.2877
9/23/08,47.0419
9/24/08,44.9007
9/25/08,47.2549
9/26/08,49.8901
9/29/08,43.0812
9/30/08,48.8226
10/1/08,47.128
10/2/08,40.664
10/3/08,36.5965
10/6/08,35.3561
10/7/08,30.3539
10/8/08,29.5383
10/9/08,26.3309
10/10/08,34.2657
10/13/08,41.1848
10/14/08,37.2465
10/15/08,30.7749
10/16/08,35.3803
10/17/08,34.9453
10/20/08,35.7208
10/21/08,34.1082
10/22/08,31.0129
10/23/08,30.4277
10/24/08,28.1146
10/27/08,26.4654
10/28/08,38.0759
10/29/08,36.3269
10/30/08,39.8131
10/31/08,44.2877
11/3/08,42.2091
11/4/08,46.2085
11/5/08,40.6538
11/6/08,38.541
11/7/08,42.5552
11/10/08,38.4108
11/11/08,37.8719
11/12/08,34.8601
11/13/08,41.7969
11/14/08,37.5389
11/17/08,37.2454
11/18/08,35.7186
11/19/08,31.691
11/20/08,29.4162
11/21/08,33.8336
11/24/08,41.3263
11/25/08,42.823
11/26/08,45.4162
11/28/08,44.9828
12/1/08,36.1647
12/2/08,42.5941
12/3/08,44.8398
12/4/08,44.1341
12/5/08,49.0953
12/8/08,53.8217
12/9/08,49.6772
12/10/08,53.0188
12/11/08,45.4777
12/12/08,49.7936
12/15/08,48.4357
12/16/08,54.0534
12/17/08,55.2752
12/18/08,50.635
12/19/08,53.0902
12/22/08,51.8592
12/23/08,49.9715
12/24/08,50.4162
12/26/08,51.229
12/29/08,47.5996
12/30/08,50.4666
12/31/08,53.475
1/2/09,51.4442
1/5/09,50.0202
1/6/09,53.4592
1/7/09,50.7661
1/8/09,50.4188
1/9/09,46.8581
1/12/09,42.9212
1/13/09,45.3323
1/14/09,41.9486
1/15/09,44.3167
1/16/09,47.3419
1/20/09,40.1723
1/21/09,47.2367
1/22/09,44.0944
1/23/09,46.3719
1/26/09,45.8236
1/27/09,47.2661
1/28/09,53.2516
1/29/09,47.1342
1/30/09,45.0469
2/2/09,45.5511
2/3/09,45.2826
2/4/09,43.577
2/5/09,42.4825
2/6/09,48.6051
2/9/09,49.8276
2/10/09,42.8219
2/11/09,45.0714
2/12/09,43.9684
2/13/09,39.7543
2/17/09,36.0722
2/18/09,36.4617
2/19/09,34.3514
2/20/09,40.3113
2/23/09,35.8881
2/24/09,42.6633
2/25/09,41.1112
2/26/09,38.6325
2/27/09,37.7858
3/2/09,34.1482
3/3/09,34.4955
3/4/09,36.9617
3/5/09,33.5599
3/6/09,32.8663
3/9/09,34.9289
3/10/09,46.2753
3/11/09,45.035
3/12/09,51.382
3/13/09,49.5848
3/16/09,43.9859
3/17/09,49.7251
3/18/09,53.542
3/19/09,48.9017
3/20/09,43.8561
3/23/09,53.4819
3/24/09,48.3019
3/25/09,48.0654
3/26/09,49.7607
3/27/09,47.0229
3/30/09,43.6327
3/31/09,47.9636
4/1/09,47.3587
4/2/09,52.0839
4/3/09,57.95
4/6/09,56.4974
4/7/09,50.236
4/8/09,51.7229
4/9/09,59.3199
4/13/09,60.1307
4/14/09,52.7814
4/15/09,57.8668
4/16/09,60.3449
4/17/09,60.9777
4/20/09,51.4466
4/21/09,56.9684
4/22/09,54.2886
4/23/09,56.8848
4/24/09,60.118
4/27/09,55.108
4/28/09,55.825
4/29/09,58.4721
4/30/09,58.4721
5/1/09,55.0701
5/4/09,61.0795
5/5/09,57.593
5/6/09,59.9689
5/7/09,54.136
5/8/09,58.8939
5/11/09,56.0061
5/12/09,54.4829
5/13/09,48.5339
5/14/09,51.0551
5/15/09,48.3497
5/18/09,54.1329
5/19/09,52.6817
5/20/09,51.6133
5/21/09,51.7796
5/22/09,49.6659
5/26/09,54.4277
5/27/09,50.9167
5/28/09,52.7216
5/29/09,55.3316
6/1/09,59.1622
6/2/09,57.2268
6/3/09,56.9183
6/4/09,59.8874
6/5/09,57.9887
6/8/09,57.4223
6/9/09,57.5596
6/10/09,54.3942
6/11/09,51.4817
6/12/09,55.3071
6/15/09,48.5393
6/16/09,46.6857
6/17/09,44.8793
6/18/09,45.6668
6/19/09,47.4359
6/22/09,40.6371
6/23/09,42.0824
6/24/09,42.3065
6/25/09,45.1629
6/26/09,46.7528
6/29/09,47.2236
6/30/09,48.5106
7/1/09,50.4918
7/2/09,42.3253
7/6/09,46.3982
7/7/09,40.7695
7/8/09,39.4589
7/9/09,37.3471
7/10/09,37.1287
7/13/09,45.2627
7/14/09,47.4945
7/15/09,53.606
7/16/09,55.7625
7/17/09,51.0752
7/20/09,56.4053
7/21/09,55.9634
7/22/09,56.1221
7/23/09,61.8036
7/24/09,63.1443
7/27/09,65.9343
7/28/09,64.7965
7/29/09,60.7637
7/30/09,66.2397
7/31/09,66.365
8/3/09,69.2726
8/4/09,74.9807
8/5/09,78.7649
8/6/09,76.7486
8/7/09,80.6707
8/10/09,74.629
8/11/09,66.7504
8/12/09,67.5498
8/13/09,68.1523
8/14/09,65.6644
8/17/09,53.9904
8/18/09,55.9498
8/19/09,54.4303
8/20/09,60.7094
8/21/09,63.7668
8/24/09,62.3847
8/25/09,63.9925
8/26/09,64.6581
8/27/09,65.8659
8/28/09,66.894
8/31/09,63.0321
9/1/09,50.3312
9/2/09,46.6171
9/3/09,50.1122
9/4/09,52.4156
9/8/09,58.0799
9/9/09,61.2951
9/10/09,63.4564
9/11/09,62.6125
9/14/09,66.9461
9/15/09,69.3569
9/16/09,73.9649
9/17/09,72.4378
9/18/09,72.3646
9/21/09,72.3646
9/22/09,73.1506
9/23/09,61.7308
9/24/09,53.2011
9/25/09,53.0367
9/28/09,60.266
9/29/09,56.1245
9/30/09,54.468
10/1/09,45.7031
10/2/09,44.0174
10/5/09,49.4852
10/6/09,49.5339
10/7/09,48.8743
10/8/09,52.925
10/9/09,54.9457
10/12/09,54.5155
10/13/09,50.6131
10/14/09,58.3407
10/15/09,56.3075
10/16/09,49.6949
10/19/09,54.4689
10/20/09,50.2346
10/21/09,48.5578
10/22/09,53.3361
10/23/09,50.7955
10/26/09,49.3938
10/27/09,46.027
10/28/09,38.4061
10/29/09,47.6353
10/30/09,44.3305
11/2/09,44.6446
11/3/09,47.7158
11/4/09,44.336
11/5/09,48.7717
11/6/09,45.7785
11/9/09,54.7154
11/10/09,53.6637
11/11/09,56.9574
11/12/09,54.2424
11/13/09,56.7252
11/16/09,60.6759
11/17/09,57.069
11/18/09,59.9958
11/19/09,55.0554
11/20/09,53.2835
11/23/09,55.5701
11/24/09,51.9906
11/25/09,52.8592
11/27/09,46.3747
11/30/09,54.1669
12/1/09,56.5899
12/2/09,59.2807
12/3/09,57.0542
12/4/09,61.8825
12/7/09,57.2785
12/8/09,55.7519
12/9/09,55.3985
12/10/09,54.5911
12/11/09,57.848
12/14/09,61.8534
12/15/09,58.9416
12/16/09,60.2375
12/17/09,58.1158
12/18/09,59.9493
12/21/09,62.7117
12/22/09,65.0261
12/23/09,65.1212
12/24/09,67.8962
12/28/09,68.6697
12/29/09,62.2129
12/30/09,62.6578
12/31/09,54.7605
1/4/10,53.8766
1/5/10,54.6647
1/6/10,54.4824
1/7/10,57.6035
1/8/10,54.5574
1/11/10,56.3226
1/12/10,49.0479
1/13/10,55.7546
1/14/10,54.3056
1/15/10,50.5888
1/19/10,57.393
1/20/10,53.2293
1/21/10,43.8741
1/22/10,38.1907
1/25/10,40.7583
1/26/10,38.7023
1/27/10,42.0179
1/28/10,39.5961
1/29/10,37.9688
2/1/10,44.6431
2/2/10,49.997
2/3/10,46.5437
2/4/10,37.6126
2/5/10,43.263
2/8/10,38.6035
2/9/10,38.0244
2/10/10,38.2546
2/11/10,41.1576
2/12/10,44.1389
2/16/10,51.9387
2/17/10,54.4203
2/18/10,57.7745
2/19/10,57.6983
2/22/10,58.8101
2/23/10,55.8168
2/24/10,58.5909
2/25/10,60.0046
2/26/10,58.9677
3/1/10,61.9899
3/2/10,62.1177
3/3/10,61.0126
3/4/10,62.382
3/5/10,68.9372
3/8/10,71.875
3/9/10,72.6309
3/10/10,73.8604
3/11/10,74.9778
3/12/10,76.5941
3/15/10,74.5767
3/16/10,79.7797
3/17/10,81.7154
3/18/10,79.0437
3/19/10,73.481
3/22/10,75.7074
3/23/10,73.9083
3/24/10,74.6498
3/25/10,69.2215
3/26/10,66.9207
3/29/10,68.3072
3/30/10,66.9339
3/31/10,60.9913
4/1/10,62.8088
4/5/10,69.6864
4/6/10,74.6803
4/7/10,62.6031
4/8/10,62.7191
4/9/10,67.1477
4/12/10,63.7396
4/13/10,69.5159
4/14/10,69.7378
4/15/10,57.8568
4/16/10,50.3164
4/19/10,51.5246
4/20/10,56.2844
4/21/10,61.2622
4/22/10,64.6901
4/23/10,67.5018
4/26/10,68.8194
4/27/10,56.4282
4/28/10,57.2998
4/29/10,66.1026
4/30/10,56.309
5/3/10,62.137
5/4/10,55.8726
5/5/10,52.5308
5/6/10,44.4558
5/7/10,41.698
5/10/10,53.6747
5/11/10,53.862
5/12/10,56.5721
5/13/10,53.7643
5/14/10,47.8559
5/17/10,47.5812
5/18/10,43.2077
5/19/10,41.8786
5/20/10,35.213
5/21/10,41.5951
5/24/10,38.9485
5/25/10,41.0108
5/26/10,40.4516
5/27/10,50.4469
5/28/10,47.9243
6/1/10,44.8423
6/2/10,48.7911
6/3/10,48.3425
6/4/10,40.0709
6/7/10,39.4275
6/8/10,42.8065
6/9/10,43.7948
6/10/10,51.3731
6/11/10,53.1336
6/14/10,55.1513
6/15/10,58.6942
6/16/10,57.0332
6/17/10,57.3071
6/18/10,56.5788
6/21/10,54.7309
6/22/10,48.101
6/23/10,48.2407
6/24/10,42.3122
6/25/10,48.1774
6/28/10,45.8688
6/29/10,40.1285
6/30/10,38.5817
7/1/10,38.2775
7/2/10,35.2811
7/6/10,32.5382
7/7/10,43.826
7/8/10,46.1185
7/9/10,48.893
7/12/10,49.6901
7/13/10,54.2575
7/14/10,52.8569
7/15/10,52.3053
7/16/10,45.2751
7/19/10,47.9987
7/20/10,51.89
7/21/10,47.508
7/22/10,55.0032
7/23/10,57.2331
7/26/10,61.7639
7/27/10,61.7102
7/28/10,61.251
7/29/10,58.553
7/30/10,59.3083
8/2/10,65.2558
8/3/10,63.474
8/4/10,64.1146
8/5/10,59.734
8/6/10,58.6229
8/9/10,61.0118
8/10/10,58.1606
8/11/10,50.3703
8/12/10,47.1833
8/13/10,46.5914
8/16/10,46.9174
8/17/10,53.6233
8/18/10,53.6806
8/19/10,46.4508
8/20/10,45.6028
8/23/10,44.2121
8/24/10,42.9199
8/25/10,47.7763
8/26/10,45.9622
8/27/10,51.6151
8/30/10,48.411
8/31/10,51.6437
9/1/10,60.7232
9/2/10,63.7297
9/3/10,66.6363
9/7/10,60.995
9/8/10,61.1372
9/9/10,58.096
9/10/10,59.2423
9/13/10,63.47
9/14/10,62.1653
9/15/10,64.3064
9/16/10,61.7096
9/17/10,62.6068
9/20/10,68.5989
9/21/10,61.0267
9/22/10,56.689
9/23/10,46.2048
9/24/10,54.0358
9/27/10,51.0489
9/28/10,51.8067
9/29/10,49.5074
9/30/10,50.2392
10/1/10,51.867
10/4/10,54.6331
10/5/10,58.6171
10/6/10,57.3768
10/7/10,58.093
10/8/10,58.5308
10/11/10,57.7878
10/12/10,60.9257
10/13/10,64.217
10/14/10,62.4341
10/15/10,62.1064
10/18/10,58.9941
10/19/10,61.0225
10/20/10,67.9732
10/21/10,66.6924
10/22/10,66.7537
10/25/10,67.4635
10/26/10,63.1109
10/27/10,56.4545
10/28/10,52.8125
10/29/10,53.195
11/1/10,56.9534
11/2/10,59.6571
11/3/10,58.8862
11/4/10,69.18
11/5/10,72.1522
11/8/10,68.6499
11/9/10,49.5147
11/10/10,53.9245
11/11/10,50.6744
11/12/10,47.1388
11/15/10,43.378
11/16/10,34.8455
11/17/10,38.3581
11/18/10,41.1083
11/19/10,42.9601
11/22/10,43.7975
11/23/10,41.5293
11/24/10,49.2077
11/26/10,48.1499
11/29/10,47.9418
11/30/10,46.4117
12/1/10,49.7635
12/2/10,55.1794
12/3/10,55.735
12/6/10,55.9555
12/7/10,57.3289
12/8/10,49.6421
12/9/10,45.021
12/10/10,49.7978
12/13/10,50.9453
12/14/10,46.3788
12/15/10,42.0316
12/16/10,43.3655
12/17/10,47.2846
12/20/10,52.509
12/21/10,56.955
12/22/10,55.0138
12/23/10,53.4262
12/27/10,56.8934
12/28/10,58.5548
12/29/10,60.4216
12/30/10,60.9519
12/31/10,60.0848
1/3/11,66.4691
1/4/11,55.3924
1/5/11,57.1439
1/6/11,54.157
1/7/11,53.9545
1/10/11,53.7382
1/11/11,52.6023
1/12/11,55.1543
1/13/11,56.759
1/14/11,60.3845
1/18/11,64.8155
1/19/11,56.1394
1/20/11,54.7467
1/21/11,56.8597
1/24/11,59.4546
1/25/11,64.3965
1/26/11,65.6006
1/27/11,70.8999
1/28/11,59.6442
1/31/11,64.2159
2/1/11,65.8692
2/2/11,65.9319
2/3/11,66.915
2/4/11,60.2945
2/7/11,64.8834
2/8/11,65.8638
2/9/11,66.7956
2/10/11,68.0695
2/11/11,70.4473
2/14/11,70.2949
2/15/11,67.1662
2/16/11,68.4515
2/17/11,69.0653
2/18/11,70.8227
2/22/11,61.9275
2/23/11,55.4049
2/24/11,51.4328
2/25/11,61.1748
2/28/11,69.1266
3/1/11,53.5892
3/2/11,50.093
3/3/11,55.6607
3/4/11,51.8766
3/7/11,49.193
3/8/11,54.1048
3/9/11,54.3003
3/10/11,47.6185
3/11/11,52.1615
3/14/11,49.357
3/15/11,46.2129
3/16/11,41.5984
3/17/11,45.3126
3/18/11,49.0222
3/21/11,53.303
3/22/11,49.5893
3/23/11,46.6814
3/24/11,48.6705
3/25/11,47.1958
3/28/11,47.1958
3/29/11,49.3974
3/30/11,54.7153
3/31/11,57.8053
4/1/11,58.7693
4/4/11,58.2573
4/5/11,59.0261
4/6/11,58.1042
4/7/11,51.4036
4/8/11,47.2401
4/11/11,46.6848
4/12/11,45.532
4/13/11,44.8365
4/14/11,53.4741
4/15/11,59.1429
4/18/11,52.8486
4/19/11,56.7163
4/20/11,61.7807
4/21/11,64.5633
4/25/11,66.4012
4/26/11,69.6248
4/27/11,71.0921
4/28/11,74.3767
4/29/11,70.6196
5/2/11,70.4918
5/3/11,65.1573
5/4/11,61.1247
5/5/11,60.065
5/6/11,56.2164
5/9/11,58.3086
5/10/11,64.7358
5/11/11,57.0476
5/12/11,56.942
5/13/11,51.2263
5/16/11,52.5097
5/17/11,51.5702
5/18/11,57.7246
5/19/11,58.7215
5/20/11,51.8135
5/23/11,45.9055
5/24/11,47.7113
5/25/11,50.1981
5/26/11,57.1354
5/27/11,58.0124
5/31/11,65.4804
6/1/11,49.836
6/2/11,47.4233
6/3/11,49.0917
6/6/11,43.2472
6/7/11,48.6913
6/8/11,46.7462
6/9/11,43.1607
6/10/11,35.6861
6/13/11,36.6021
6/14/11,43.8098
6/15/11,38.7553
6/16/11,41.7816
6/17/11,45.3294
6/20/11,49.5049
6/21/11,52.7728
6/22/11,51.8858
6/23/11,44.9402
6/24/11,41.6915
6/27/11,43.9461
6/28/11,47.4079
6/29/11,51.7318
6/30/11,52.2444
7/1/11,58.6307
7/5/11,60.6259
7/6/11,62.5699
7/7/11,66.2531
7/8/11,64.3303
7/11/11,55.0944
7/12/11,56.297
7/13/11,52.5447
7/14/11,48.0358
7/15/11,52.313
7/18/11,48.7145
7/19/11,55.0688
7/20/11,57.5502
7/21/11,59.6377
7/22/11,61.2781
7/25/11,55.8539
7/26/11,55.8539
7/27/11,44.9901
7/28/11,44.4879
7/29/11,44.7095
8/1/11,40.112
8/2/11,32.29
8/3/11,30.9529
8/4/11,23.0237
8/5/11,20.7022
8/8/11,14.3947
8/9/11,35.4739
8/10/11,33.0421
8/11/11,41.4172
8/12/11,41.235
8/15/11,47.3187
8/16/11,46.755
8/17/11,46.9806
8/18/11,40.5546
8/19/11,38.0628
8/22/11,38.44
8/23/11,43.3102
8/24/11,45.4735
8/25/11,42.1774
8/26/11,45.1312
8/29/11,50.9948
8/30/11,51.6977
8/31/11,53.6813
9/1/11,50.1881
9/2/11,45.6554
9/6/11,45.267
9/7/11,52.0098
9/8/11,50.5164
9/9/11,45.1376
9/12/11,45.8062
9/13/11,46.0146
9/14/11,47.366
9/15/11,51.8466
9/16/11,53.6725
9/19/11,48.8188
9/20/11,48.1489
9/21/11,38.6816
9/22/11,34.9657
9/23/11,34.589
9/26/11,37.9322
9/27/11,40.6943
9/28/11,36.525
9/29/11,40.3437
9/30/11,36.1248
10/3/11,30.2136
10/4/11,38.5009
10/5/11,37.4996
10/6/11,43.2318
10/7/11,39.1658
10/10/11,47.9207
10/11/11,45.1123
10/12/11,47.9524
10/13/11,46.8208
10/14/11,50.942
10/17/11,46.9572
10/18/11,52.5706
10/19/11,50.3431
10/20/11,51.4179
10/21/11,56.3754
10/24/11,60.3931
10/25/11,57.0159
10/26/11,58.498
10/27/11,63.8195
10/28/11,65.0845
10/31/11,61.7504
11/1/11,54.1624
11/2/11,57.4315
11/3/11,59.2212
11/4/11,57.4728
11/7/11,57.9085
11/8/11,60.0495
11/9/11,49.7168
11/10/11,49.8967
11/11/11,54.8392
11/14/11,50.5645
11/15/11,52.2666
11/16/11,50.2109
11/17/11,46.5296
11/18/11,48.1426
11/21/11,42.9863
11/22/11,42.476
11/23/11,37.4909
11/25/11,38.3894
11/28/11,44.4127
11/29/11,43.8629
11/30/11,53.8331
12/1/11,51.5605
12/2/11,51.9118
12/5/11,53.9503
12/6/11,53.7578
12/7/11,55.9576
12/8/11,49.4748
12/9/11,54.1227
12/12/11,49.6169
12/13/11,47.5499
12/14/11,49.0268
12/15/11,52.4676
12/16/11,54.5226
12/19/11,51.697
12/20/11,58.7706
12/21/11,59.0816
12/22/11,59.8161
12/23/11,60.9891
12/27/11,61.5503
12/28/11,57.3155
12/29/11,59.5855
12/30/11,57.6195
1/3/12,59.4218
1/4/12,54.8301
1/5/12,57.1163
1/6/12,56.3669
1/9/12,55.1209
1/10/12,58.9673
1/11/12,61.82
1/12/12,58.5535
1/13/12,60.1067
1/17/12,61.8535
1/18/12,64.0107
1/19/12,66.0507
1/20/12,67.5497
1/23/12,68.5123
1/24/12,70.2543
1/25/12,73.8434
1/26/12,75.3202
1/27/12,75.947
1/30/12,69.2542
1/31/12,70.8712
2/1/12,73.084
2/2/12,73.7055
2/3/12,77.4936
2/6/12,73.6008
2/7/12,72.9431
2/8/12,73.1498
2/9/12,66.9527
2/10/12,60.6786
2/13/12,65.4024
2/14/12,58.6898
2/15/12,55.664
2/16/12,59.4192
2/17/12,60.1463
2/21/12,52.4545
2/22/12,48.1767
2/23/12,53.9539
2/24/12,55.2584
2/27/12,54.5728
2/28/12,50.168
2/29/12,49.4209
3/1/12,52.4699
3/2/12,52.2579
3/5/12,56.8579
3/6/12,48.4457
3/7/12,50.9249
3/8/12,49.5433
3/9/12,52.329
3/12/12,56.2323
3/13/12,64.383
3/14/12,62.6539
3/15/12,62.1743
3/16/12,64.854
3/19/12,67.3454
3/20/12,65.3237
3/21/12,63.4105
3/22/12,54.3492
3/23/12,56.6053
3/26/12,57.5099
3/27/12,57.1252
3/28/12,55.2671
3/29/12,55.9287
3/30/12,61.2743
4/2/12,64.8102
4/3/12,60.4974
4/4/12,52.3477
4/5/12,49.2835
4/9/12,43.3167
4/10/12,34.3573
4/11/12,42.1153
4/12/12,49.8471
4/13/12,47.3146
4/16/12,53.018
4/17/12,56.7793
4/18/12,53.8866
4/19/12,53.6191
4/20/12,58.4328
4/23/12,53.1336
4/24/12,58.6361
4/25/12,62.7498
4/26/12,64.2481
4/27/12,65.942
4/30/12,64.9794
5/1/12,68.0997
5/2/12,66.9525
5/3/12,64.3829
5/4/12,58.9557
5/7/12,61.522
5/8/12,60.8392
5/9/12,59.0742
5/10/12,58.345
5/11/12,60.6961
5/14/12,51.63
5/15/12,48.5276
5/16/12,41.8077
5/17/12,31.3608
5/18/12,28.5878
5/21/12,39.935
5/22/12,41.0021
5/23/12,43.1763
5/24/12,44.7778
5/25/12,43.5262
5/29/12,50.4822
5/30/12,41.0767
5/31/12,44.0203
6/1/12,36.0987
6/4/12,34.2977
6/5/12,42.8197
6/6/12,50.5048
6/7/12,48.8663
6/8/12,53.0743
6/11/12,46.5393
6/12/12,49.6633
6/13/12,48.12
6/14/12,52.6405
6/15/12,54.6405
6/18/12,57.0922
6/19/12,55.3817
6/20/12,54.8372
6/21/12,48.5137
6/22/12,48.8683
6/25/12,46.7261
6/26/12,48.6511
6/27/12,51.3837
6/28/12,54.835
6/29/12,62.6127
7/2/12,65.6928
7/3/12,67.2211
7/5/12,64.6369
7/6/12,65.0708
7/9/12,65.7248
7/10/12,58.712
7/11/12,59.319
7/12/12,61.0462
7/13/12,65.0419
7/16/12,66.3688
7/17/12,69.1435
7/18/12,63.8804
7/19/12,58.6919
7/20/12,56.7077
7/23/12,53.2698
7/24/12,51.0479
7/25/12,50.9599
7/26/12,55.2791
7/27/12,60.5342
7/30/12,61.7284
7/31/12,60.9559
8/1/12,58.8048
8/2/12,59.3737
8/3/12,63.1328
8/6/12,60.7371
8/7/12,52.9872
8/8/12,49.1164
8/9/12,47.3034
8/10/12,48.803
8/13/12,48.5903
8/14/12,48.2505
8/15/12,50.4875
8/16/12,55.8537
8/17/12,55.4406
8/20/12,54.7144
8/21/12,54.7144
8/22/12,53.7348
8/23/12,50.9514
8/24/12,54.67
8/27/12,56.652
8/28/12,60.1379
8/29/12,60.4017
8/30/12,58.9317
8/31/12,62.5748
9/4/12,66.622
9/5/12,65.6947
9/6/12,71.2896
9/7/12,72.408
9/10/12,62.946
9/11/12,65.8517
9/12/12,68.4164
9/13/12,74.9745
9/14/12,77.1795
9/17/12,71.0183
9/18/12,61.4441
9/19/12,57.0195
9/20/12,47.7101
9/21/12,47.5493
9/24/12,46.7019
9/25/12,33.8728
9/26/12,33.4383
9/27/12,38.1074
9/28/12,36.9287
10/1/12,33.5059
10/2/12,40.4801
10/3/12,42.7552
10/4/12,40.642
10/5/12,44.1126
10/8/12,41.5875
10/9/12,39.0886
10/10/12,40.1943
10/11/12,40.3401
10/12/12,37.5779
10/15/12,43.9277
10/16/12,47.909
10/17/12,49.2037
10/18/12,56.3334
10/19/12,48.9364
10/22/12,46.4593
10/23/12,40.2623
10/24/12,40.7784
10/25/12,38.2493
10/26/12,35.1471
10/31/12,44.4564
11/1/12,45.2902
11/2/12,50.2295
11/5/12,45.3114
11/6/12,46.9442
11/7/12,43.7304
11/8/12,38.0346
11/9/12,36.3857
11/12/12,35.5944
11/13/12,34.0017
11/14/12,26.2774
11/15/12,24.9277
11/16/12,34.3432
11/19/12,40.9515
11/20/12,44.9629
11/21/12,44.628
11/23/12,49.765
11/26/12,50.6354
11/27/12,47.3013
11/28/12,46.2404
11/29/12,50.6684
11/30/12,53.2183
12/3/12,55.0127
12/4/12,54.0209
12/5/12,51.8805
12/6/12,57.8106
12/7/12,60.2593
12/10/12,60.2593
12/11/12,61.0657
12/12/12,60.4057
12/13/12,53.6879
12/14/12,52.5177
12/17/12,57.5051
12/18/12,64.1873
12/19/12,52.3633
12/20/12,59.0962
12/21/12,56.7305
12/24/12,57.5539
12/26/12,53.6448
12/27/12,54.4772
12/28/12,49.7836
12/31/12,55.9647
1/2/13,64.3701
1/3/13,64.3701
1/4/13,67.1412
1/7/13,67.8151
1/8/13,65.9222
1/9/13,67.7845
1/10/13,68.9538
1/11/13,68.7858
1/14/13,69.5841
1/15/13,71.9767
1/16/13,70.6257
1/17/13,71.8452
1/18/13,74.8445
1/22/13,77.0796
1/23/13,77.1439
1/24/13,77.6835
1/25/13,79.507
1/28/13,79.9481
1/29/13,80.7757
1/30/13,66.4599
1/31/13,59.4372
2/1/13,64.1451
2/4/13,61.7441
2/5/13,60.1845
2/6/13,61.578
2/7/13,55.9539
2/8/13,63.4757
2/11/13,64.1642
2/12/13,67.8894
2/13/13,67.3242
2/14/13,62.2968
2/15/13,63.1743
2/19/13,67.9008
2/20/13,58.0066
2/21/13,50.7318
2/22/13,57.076
2/25/13,44.767
2/26/13,50.6475
2/27/13,55.1771
2/28/13,55.2621
3/1/13,56.4196
3/4/13,60.714
3/5/13,64.6161
3/6/13,61.3945
3/7/13,58.3804
3/8/13,58.7295
3/11/13,61.1014
3/12/13,57.7896
3/13/13,57.9858
3/14/13,61.5467
3/15/13,61.8291
3/18/13,58.879
3/19/13,51.9895
3/20/13,56.4676
3/21/13,53.3843
3/22/13,57.9045
3/25/13,50.0627
3/26/13,55.3359
3/27/13,56.4052
3/28/13,59.4468
4/1/13,61.4388
4/2/13,63.0384
4/3/13,57.7363
4/4/13,66.1811
4/5/13,67.4844
4/8/13,71.5814
4/9/13,71.7556
4/10/13,74.1452
4/11/13,75.9697
4/12/13,77.978
4/15/13,56.1854
4/16/13,63.0641
4/17/13,55.7432
4/18/13,55.7432
4/19/13,60.7268
4/22/13,61.2991
4/23/13,63.6924
4/24/13,64.97
4/25/13,64.0207
4/26/13,60.5285
4/29/13,64.1066
4/30/13,68.0599
5/1/13,62.8131
5/2/13,64.4652
5/3/13,64.8258
5/6/13,66.5906
5/7/13,69.0687
5/8/13,70.0695
5/9/13,65.2683
5/10/13,65.4026
5/13/13,66.1777
5/14/13,68.8426
5/15/13,72.755
5/16/13,69.3451
5/17/13,72.1026
5/20/13,71.513
5/21/13,73.551
5/22/13,52.1033
5/23/13,44.42
5/24/13,42.5817
5/28/13,38.2035
5/29/13,31.3164
5/30/13,28.7054
5/31/13,25.7698
6/3/13,27.3696
6/4/13,24.6746
6/5/13,22.4977
6/6/13,33.4168
6/7/13,33.2566
6/10/13,30.8665
6/11/13,27.2154
6/12/13,24.2986
6/13/13,38.7887
6/14/13,39.8376
6/17/13,40.4196
6/18/13,41.1688
6/19/13,32.8727
6/20/13,25.7991
6/21/13,30.4652
6/24/13,29.3776
6/25/13,36.4134
6/26/13,38.4288
6/27/13,44.5769
6/28/13,43.4196
7/1/13,42.0023
7/2/13,46.1657
7/3/13,44.8596
7/5/13,41.7864
7/8/13,43.3391
7/9/13,48.1506
7/10/13,48.1506
7/11/13,57.3923
7/12/13,54.8321
7/15/13,56.0063
7/16/13,55.3248
7/17/13,57.1619
7/18/13,59.314
7/19/13,58.7961
7/22/13,59.874
7/23/13,59.6221
7/24/13,49.5228
7/25/13,48.9932
7/26/13,50.2816
7/29/13,46.488
7/30/13,45.935
7/31/13,39.9816
8/1/13,37.8782
8/2/13,36.2677
8/5/13,36.0401
8/6/13,34.6919
8/7/13,33.1253
8/8/13,33.8402
8/9/13,40.8747
8/12/13,37.168
8/13/13,31.965
8/14/13,31.2326
8/15/13,25.7052
8/16/13,20.9312
8/19/13,18.7712
8/20/13,31.6943
8/21/13,31.2082
8/22/13,34.137
8/23/13,39.8857
8/26/13,38.6901
8/27/13,37.7259
8/28/13,36.1923
8/29/13,37.11
8/30/13,34.5419
9/3/13,31.9614
9/4/13,36.2979
9/5/13,33.526
9/6/13,43.4428
9/9/13,51.9194
9/10/13,51.3843
9/11/13,54.1512
9/12/13,51.1938
9/13/13,52.1883
9/16/13,56.3501
9/17/13,55.9339
9/18/13,67.5858
9/19/13,65.4419
9/20/13,56.8195
9/23/13,54.0631
9/24/13,47.8579
9/25/13,49.1991
9/26/13,51.577
9/27/13,50.0252
9/30/13,45.9894
10/1/13,52.1883
10/2/13,52.4308
10/3/13,46.1324
10/4/13,44.7994
10/7/13,46.8142
10/8/13,42.4626
10/9/13,42.3465
10/10/13,52.8352
10/11/13,56.3468
10/14/13,56.2014
10/15/13,54.6084
10/16/13,61.2591
10/17/13,65.9014
10/18/13,64.8421
10/21/13,61.9253
10/22/13,65.3233
10/23/13,65.9682
10/24/13,65.4532
10/25/13,68.641
10/28/13,64.1364
10/29/13,59.0732
10/30/13,55.0499
10/31/13,51.3597
11/1/13,54.2431
11/4/13,54.8689
11/5/13,47.1602
11/6/13,47.0896
11/7/13,41.7141
11/8/13,36.7948
11/11/13,36.5282
11/12/13,35.3157
11/13/13,39.7232
11/14/13,44.3512
11/15/13,45.7583
11/18/13,42.5032
11/19/13,39.2307
11/20/13,35.8349
11/21/13,39.2719
11/22/13,38.0455
11/25/13,36.3102
11/26/13,35.1588
11/27/13,42.2768
11/29/13,38.1798
12/2/13,36.0741
12/3/13,35.6252
12/4/13,37.3054
12/5/13,38.1742
12/6/13,44.0224
12/9/13,48.419
12/10/13,48.419
12/11/13,37.0574
12/12/13,34.4109
12/13/13,37.2821
12/16/13,38.0992
12/17/13,41.9395
12/18/13,52.5147
12/19/13,46.1023
12/20/13,50.215
12/23/13,46.3301
12/24/13,47.2962
12/26/13,47.9384
12/27/13,48.7076
12/30/13,49.2127
12/31/13,47.2101
1/2/14,46.1979
1/3/14,50.4327
1/6/14,53.2191
1/7/14,55.4988
1/8/14,54.2058
1/9/14,53.8008
1/10/14,61.6229
1/13/14,55.9819
1/14/14,59.7599
1/15/14,62.3687
1/16/14,63.638
1/17/14,60.5583
1/21/14,64.5206
1/22/14,65.9137
1/23/14,65.4255
1/24/14,52.1211
1/27/14,47.8629
1/28/14,54.5305
1/29/14,51.2715
1/30/14,58.2568
1/31/14,59.8463
2/3/14,50.0898
2/4/14,55.5888
2/5/14,55.3926
2/6/14,59.1216
2/7/14,62.2379
2/10/14,66.0397
2/11/14,67.3949
2/12/14,67.6368
2/13/14,69.2344
2/14/14,70.8439
2/18/14,73.0901
2/19/14,72.7882
2/20/14,70.8957
2/21/14,71.624
2/24/14,72.3686
2/25/14,72.58
2/26/14,73.9395
2/27/14,72.513
2/28/14,75.7516
3/3/14,76.0887
3/4/14,80.8943
3/5/14,79.0609
3/6/14,72.5667
3/7/14,60.0176
3/10/14,56.637
3/11/14,60.2093
3/12/14,61.5908
3/13/14,58.3889
3/14/14,58.5996
3/17/14,59.8052
3/18/14,62.9721
3/19/14,46.9161
3/20/14,47.9786
3/21/14,54.0334
3/24/14,49.5193
3/25/14,46.5854
3/26/14,39.7858
3/27/14,43.5703
3/28/14,48.375
3/31/14,52.2554
4/1/14,56.1674
4/2/14,56.2572
4/3/14,53.4292
4/4/14,56.1027
4/7/14,56.7952
4/8/14,60.4432
4/9/14,59.7286
4/10/14,51.6979
4/11/14,47.1127
4/14/14,50.0234
4/15/14,57.3102
4/16/14,60.8139
4/17/14,58.421
4/21/14,60.9469
4/22/14,62.8733
4/23/14,59.9648
4/24/14,62.0362
4/25/14,58.6275
4/28/14,62.0004
4/29/14,62.3675
4/30/14,65.1754
5/1/14,69.4513
5/2/14,68.9448
5/5/14,70.8524
5/6/14,66.2918
5/7/14,72.3391
5/8/14,72.5973
5/9/14,72.4153
5/12/14,73.4891
5/13/14,65.7691
5/14/14,67.352
5/15/14,65.1878
5/16/14,69.7273
5/19/14,65.1526
5/20/14,61.4772
5/21/14,57.0649
5/22/14,56.1352
5/23/14,62.0215
5/27/14,66.007
5/28/14,61.3323
5/29/14,62.2264
5/30/14,65.5614
6/2/14,66.7361
6/3/14,65.081
6/4/14,65.7916
6/5/14,74.6728
6/6/14,71.9776
6/9/14,59.8753
6/10/14,55.1392
6/11/14,51.6882
6/12/14,49.2828
6/13/14,51.3717
6/16/14,47.1858
6/17/14,48.196
6/18/14,53.4677
6/19/14,59.0741
6/20/14,61.3534
6/23/14,58.9492
6/24/14,51.642
6/25/14,51.642
6/26/14,50.6206
6/27/14,55.6931
6/30/14,54.8464
7/1/14,56.9602
7/2/14,55.7119
7/3/14,50.6332
7/7/14,51.6112
7/8/14,54.652
7/9/14,56.7793
7/10/14,59.7055
7/11/14,60.3342
7/14/14,64.294
7/15/14,63.8778
7/16/14,66.985
7/17/14,58.3731
7/18/14,65.4855
7/21/14,61.7569
7/22/14,64.9312
7/23/14,66.4778
7/24/14,62.9287
7/25/14,55.983
7/28/14,60.9627
7/29/14,55.7172
7/30/14,54.6742
7/31/14,41.9794
8/1/14,45.7275
8/4/14,45.7275
8/5/14,39.2395
8/6/14,41.0686
8/7/14,42.642
8/8/14,49.7365
8/11/14,54.2506
8/12/14,51.6291
8/13/14,60.4498
8/14/14,60.1872
8/15/14,60.8287
8/18/14,66.4794
8/19/14,66.9327
8/20/14,69.5898
8/21/14,68.4383
8/22/14,60.7104
8/25/14,60.2706
8/26/14,60.2706
8/27/14,61.5622
8/28/14,60.3301
8/29/14,64.3873
9/2/14,64.8064
9/3/14,65.028
9/4/14,62.0813
9/5/14,69.5187
9/8/14,66.8945
9/9/14,59.4576
9/10/14,45.4468
9/11/14,46.6302
9/12/14,30.1286
9/15/14,28.629
9/16/14,34.9967
9/17/14,34.6824
9/18/14,31.5119
9/19/14,32.0267
9/22/14,28.4056
9/23/14,26.3671
9/24/14,23.226
9/25/14,21.8636
9/26/14,31.5318
9/29/14,31.4216
9/30/14,29.1203
10/1/14,29.6488
10/2/14,29.0083
10/3/14,35.4272
10/6/14,36.6092
10/7/14,33.5925
10/8/14,48.3492
10/9/14,47.573
10/10/14,46.6763
10/13/14,45.5664
10/14/14,55.6081
10/15/14,50.8435
10/16/14,52.5087
10/17/14,55.5792
10/20/14,62.8984
10/21/14,66.8747
10/22/14,66.5408
10/23/14,69.5432
10/24/14,69.7029
10/27/14,72.0202
10/28/14,73.2232
10/29/14,66.1986
10/30/14,72.5844
10/31/14,71.9938
11/3/14,74.5779
11/4/14,74.964
11/5/14,74.964
11/6/14,70.5465
11/7/14,69.717
11/10/14,71.7446
11/11/14,68.9657
11/12/14,63.5265
11/13/14,65.7633
11/14/14,59.7159
11/17/14,62.0062
11/18/14,64.7788
11/19/14,58.7509
11/20/14,60.5187
11/21/14,64.7764
11/24/14,66.34
11/25/14,67.8091
11/26/14,71.4511
11/28/14,72.7333
12/1/14,68.5155
12/2/14,70.3038
12/3/14,69.2063
12/4/14,70.0689
12/5/14,63.6665
12/8/14,66.4709
12/9/14,68.4748
12/10/14,65.5538
12/11/14,66.1584
12/12/14,55.6412
12/15/14,45.6033
12/16/14,42.3999
12/17/14,57.7439
12/18/14,62.1979
12/19/14,63.1674
12/22/14,69.8331
12/23/14,65.8241
12/24/14,56.0372
12/26/14,57.8298
12/29/14,59.8291
12/30/14,59.1189
12/31/14,49.6066
1/2/15,55.6856
1/5/15,57.207
1/6/15,60.4157
1/7/15,65.4134
1/8/15,67.3707
1/9/15,67.5028
1/12/15,69.455
1/13/15,67.3747
1/14/15,69.8307
1/15/15,70.33
1/16/15,73.3131
1/20/15,66.6221
1/21/15,65.4165
1/22/15,72.4782
1/23/15,70.803
1/26/15,73.8986
1/27/15,72.7702
1/28/15,66.8722
1/29/15,67.5444
1/30/15,55.7888
2/2/15,53.8451
2/3/15,58.3527
2/4/15,56.4527
2/5/15,61.2633
2/6/15,46.9915
2/9/15,45.0189
2/10/15,46.7896
2/11/15,45.8213
2/12/15,51.3111
2/13/15,48.5979
2/17/15,47.1931
2/18/15,51.6437
2/19/15,42.8382
2/20/15,47.4152
2/23/15,51.0574
2/24/15,43.2702
2/25/15,44.2935
2/26/15,41.1435
2/27/15,44.6845
3/2/15,46.5997
3/3/15,45.4516
3/4/15,41.9533
3/5/15,43.7888
3/6/15,33.3161
3/9/15,37.8514
3/10/15,36.3631
3/11/15,37.1337
3/12/15,45.3605
3/13/15,43.9463
3/16/15,48.9683
3/17/15,48.5823
3/18/15,56.7185
3/19/15,55.9799
3/20/15,64.1151
3/23/15,63.3354
3/24/15,59.0799
3/25/15,48.4987
3/26/15,46.4719
3/27/15,47.8794
3/30/15,52.329
3/31/15,49.3709
4/1/15,49.3192
4/2/15,52.1809
4/6/15,56.2011
4/7/15,48.9447
4/8/15,50.1097
4/9/15,43.3334
4/10/15,43.1091
4/13/15,42.0775
4/14/15,43.1432
4/15/15,40.818
4/16/15,43.1148
4/17/15,40.9234
4/20/15,41.7017
4/21/15,42.1938
4/22/15,44.1403
4/23/15,45.3466
4/24/15,46.502
4/27/15,44.8525
4/28/15,44.6899
4/29/15,34.413
4/30/15,30.0798
5/1/15,34.0963
5/4/15,36.0737
5/5/15,28.4089
5/6/15,27.6511
5/7/15,36.5778
5/8/15,45.1329
5/11/15,39.5828
5/12/15,41.1281
5/13/15,38.1212
5/14/15,47.1105
5/15/15,50.6845
5/18/15,49.3728
5/19/15,48.7816
5/20/15,47.7956
5/21/15,45.6232
5/22/15,45.7748
5/26/15,42.8167
5/27/15,47.3565
5/28/15,47.004
5/29/15,41.5424
6/1/15,47.4018
6/2/15,43.421
6/3/15,38.3327
6/4/15,37.9641
6/5/15,33.504
6/8/15,32.8347
6/9/15,30.4201
6/10/15,35.3932
6/11/15,40.5014
6/12/15,39.6857
6/15/15,37.4794
6/16/15,43.0432
6/17/15,46.8242
6/18/15,54.1619
6/19/15,50.5857
6/22/15,45.6804
6/23/15,43.4718
6/24/15,37.646
6/25/15,34.4406
6/26/15,37.3544
6/29/15,32.2401
6/30/15,32.1176
7/1/15,40.9018
7/2/15,42.0865
7/6/15,44.5552
7/7/15,52.0292
7/8/15,49.5257
7/9/15,47.3249
7/10/15,50.7586
7/13/15,51.4931
7/14/15,52.8696
7/15/15,53.3684
7/16/15,57.0726
7/17/15,54.5206
7/20/15,55.4816
7/21/15,52.9777
7/22/15,54.6905
7/23/15,49.7639
7/24/15,49.9472
7/27/15,51.4721
7/28/15,52.8264
7/29/15,56.3843
7/30/15,53.2003
7/31/15,57.6187
8/3/15,60.6988
8/4/15,56.0729
8/5/15,52.5351
8/6/15,52.5351
8/7/15,55.1987
8/10/15,55.3026
8/11/15,60.2643
8/12/15,61.2826
8/13/15,62.6867
8/14/15,66.4439
8/17/15,70.6611
8/18/15,71.0732
8/19/15,64.2679
8/20/15,56.1363
8/21/15,41.8365
8/24/15,25.4893
8/25/15,20.9533
8/26/15,33.3043
8/27/15,41.4395
8/28/15,41.1351
8/31/15,36.0388
9/1/15,32.0338
9/2/15,36.2473
9/3/15,37.0425
9/4/15,32.8504
9/8/15,38.693
9/9/15,35.9406
9/10/15,36.3991
9/11/15,42.6447
9/14/15,42.4856
9/15/15,45.7023
9/16/15,50.3177
9/17/15,53.5859
9/18/15,52.3152
9/21/15,55.311
9/22/15,50.1416
9/23/15,51.8089
9/24/15,48.328
9/25/15,46.7395
9/28/15,40.7794
9/29/15,43.7372
9/30/15,47.7518
10/1/15,49.5784
10/2/15,52.9094
10/5/15,58.9812
10/6/15,57.8601
10/7/15,61.0083
10/8/15,63.5292
10/9/15,62.9544
10/12/15,64.6755
10/13/15,60.5124
10/14/15,57.0604
10/15/15,61.2287
10/16/15,63.9227
10/19/15,67.5271
10/20/15,67.8766
10/21/15,65.5957
10/22/15,69.0399
10/23/15,63.2856
10/26/15,63.2046
10/27/15,61.5907
10/28/15,63.1379
10/29/15,62.3912
10/30/15,57.3685
11/2/15,66.2523
11/3/15,60.4076
11/4/15,57.5957
11/5/15,58.8231
11/6/15,44.9417
11/9/15,40.2496
11/10/15,44.4354
11/11/15,44.9928
11/12/15,42.3014
11/13/15,38.6811
11/16/15,44.3437
11/17/15,44.603
11/18/15,49.5391
11/19/15,50.81
11/20/15,55.2067
11/23/15,55.9323
11/24/15,53.2866
11/25/15,54.8409
11/27/15,58.417
11/30/15,54.6861
12/1/15,60.0146
12/2/15,50.176
12/3/15,44.2133
12/4/15,51.1971
12/7/15,50.0988
12/8/15,49.0784
12/9/15,46.4734
12/10/15,44.1682
12/11/15,42.3373
12/14/15,44.0276
12/15/15,49.6275
12/16/15,57.8193
12/17/15,55.3621
12/18/15,49.486
12/21/15,51.6726
12/22/15,53.4431
12/23/15,57.9881
12/24/15,51.9484
12/28/15,53.1776
12/29/15,57.295
12/30/15,54.9953
12/31/15,51.2793
1/4/16,46.9078
1/5/16,53.9702
1/6/16,52.431
1/7/16,43.4614
1/8/16,39.676
1/11/16,41.5049
1/12/16,39.2511
1/13/16,34.8549
1/14/16,34.4769
1/15/16,31.48
1/19/16,33.1313
1/20/16,27.0032
1/21/16,30.3956
1/22/16,42.4232
1/25/16,39.7279
1/26/16,47.4797
1/27/16,43.0564
1/28/16,41.3168
1/29/16,48.5973
2/1/16,48.6422
2/2/16,45.4001
2/3/16,47.1472
2/4/16,47.5602
2/5/16,40.6716
2/8/16,33.9049
2/9/16,30.9444
2/10/16,32.9505
2/11/16,30.2716
2/12/16,35.2002
2/16/16,41.8407
2/17/16,44.7702
2/18/16,47.7852
2/19/16,48.4737
2/22/16,52.1433
2/23/16,51.3173
2/24/16,51.4634
2/25/16,57.3462
2/26/16,56.0879
2/29/16,55.3742
3/1/16,63.1924
3/2/16,65.1709
3/3/16,66.4539
3/4/16,67.1581
3/7/16,67.6698
3/8/16,61.9529
3/9/16,63.2554
3/10/16,61.8122
3/11/16,68.8597
3/14/16,68.0864
3/15/16,67.9222
3/16/16,71.4793
3/17/16,74.8296
3/18/16,72.2664
3/21/16,68.0807
3/22/16,68.1602
3/23/16,57.1344
3/24/16,57.4433
3/28/16,60.4131
3/29/16,66.891
3/30/16,65.9671
3/31/16,67.8029
4/1/16,68.0049
4/4/16,67.0088
4/5/16,63.0316
4/6/16,64.0245
4/7/16,60.1767
4/8/16,62.7054
4/11/16,61.7458
4/12/16,64.8189
4/13/16,62.9688
4/14/16,58.0152
4/15/16,61.3546
4/18/16,63.3841
4/19/16,63.8793
4/20/16,53.2207
4/21/16,43.8393
4/22/16,49.7389
4/25/16,52.8966
4/26/16,54.6851
4/27/16,54.5258
4/28/16,53.029
4/29/16,47.9852
5/2/16,55.2849
5/3/16,53.9266
5/4/16,60.3456
5/5/16,61.9907
5/6/16,65.9008
5/9/16,68.776
5/10/16,69.4266
5/11/16,57.191
5/12/16,59.2978
5/13/16,54.5531
5/16/16,58.0546
5/17/16,50.0215
5/18/16,44.058
5/19/16,40.1343
5/20/16,44.0762
5/23/16,44.5276
5/24/16,50.2152
5/25/16,50.922
5/26/16,51.2327
5/27/16,53.3934
5/31/16,53.4587
6/1/16,53.8072
6/2/16,56.7382
6/3/16,58.3639
6/6/16,53.9096
6/7/16,57.3439
6/8/16,60.1425
6/9/16,60.9312
6/10/16,56.9846
6/13/16,56.3796
6/14/16,52.1096
6/15/16,57.8641
6/16/16,60.6902
6/17/16,59.403
6/20/16,60.5299
6/21/16,56.1646
6/22/16,55.7208
6/23/16,60.2079
6/24/16,49.6728
6/27/16,48.8682
6/28/16,61.597
6/29/16,66.9361
6/30/16,70.7989
7/1/16,70.2164
7/5/16,72.7514
7/6/16,69.7088
7/7/16,62.8236
7/8/16,68.3957
7/11/16,70.7378
7/12/16,71.1219
7/13/16,72.4834
7/14/16,66.5023
7/15/16,66.835
7/18/16,67.8663
7/19/16,69.7022
7/20/16,69.4772
7/21/16,70.1008
7/22/16,73.5018
7/25/16,72.487
7/26/16,67.5879
7/27/16,60.7819
7/28/16,64.7338
7/29/16,69.1601
8/1/16,70.6133
8/2/16,57.8846
8/3/16,54.9316
8/4/16,53.3047
8/5/16,54.1097
8/8/16,54.7211
8/9/16,57.106
8/10/16,55.9793
8/11/16,48.4867
8/12/16,50.5365
8/15/16,49.9778
8/16/16,41.8413
8/17/16,44.2357
8/18/16,42.3577
8/19/16,38.0129
8/22/16,42.462
8/23/16,44.307
8/24/16,41.1493
8/25/16,44.3525
8/26/16,38.5524
8/29/16,46.1379
8/30/16,45.049
8/31/16,46.6002
9/1/16,45.3928
9/2/16,51.7409
9/6/16,56.5982
9/7/16,60.1153
9/8/16,51.1819
9/9/16,32.9825
9/12/16,39.7444
9/13/16,32.5593
9/14/16,34.1218
9/15/16,36.4985
9/16/16,36.186
9/19/16,41.2622
9/20/16,40.6585
9/21/16,46.6118
9/22/16,54.9229
9/23/16,55.9115
9/26/16,52.3769
9/27/16,48.8309
9/28/16,51.3261
9/29/16,46.5459
9/30/16,44.565
10/3/16,38.0384
10/4/16,33.8677
10/5/16,29.2871
10/6/16,30.1628
10/7/16,29.8262
10/10/16,33.1146
10/11/16,30.4824
10/12/16,37.6247
10/13/16,40.3786
10/14/16,39.2502
10/17/16,39.9453
10/18/16,43.6272
10/19/16,45.8532
10/20/16,44.1466
10/21/16,43.5645
10/24/16,45.1985
10/25/16,44.2138
10/26/16,38.7045
10/27/16,30.6933
10/28/16,31.9782
10/31/16,40.8034
11/1/16,33.6987
11/2/16,30.4548
11/3/16,29.1034
11/4/16,32.0486
11/7/16,40.3306
11/8/16,43.1666
11/9/16,37.3496
11/10/16,32.7628
11/11/16,35.2367
11/14/16,42.4827
11/15/16,41.3966
11/16/16,40.7321
11/17/16,38.2134
11/18/16,39.6625
11/21/16,39.7317
11/22/16,47.847
11/23/16,45.691
11/25/16,48.0285
11/28/16,49.626
11/29/16,53.3115
11/30/16,47.5687
12/1/16,41.5775
12/2/16,46.3845
12/5/16,49.7524
12/6/16,52.3735
12/7/16,59.3645
12/8/16,61.0001
12/9/16,60.596
12/12/16,62.7235
12/13/16,62.7235
12/14/16,52.804
12/15/16,49.4691
12/16/16,54.904
12/19/16,58.9095
12/20/16,59.5468
12/21/16,47.9826
12/22/16,47.297
12/23/16,48.4306
12/27/16,48.9626
12/28/16,46.386
12/29/16,51.013
12/30/16,55.0257
1/3/17,56.6714
1/4/17,61.8164
1/5/17,63.021
1/6/17,61.7012
1/9/17,57.7194
1/10/17,52.5887
1/11/17,50.4073
1/12/17,52.6506
1/13/17,52.0708
1/17/17,55.501
1/18/17,56.3422
1/19/17,49.9999
1/20/17,53.4161
1/23/17,57.2074
1/24/17,58.3218
1/25/17,54.7396
1/26/17,54.0585
1/27/17,48.1687
1/30/17,44.3875
1/31/17,49.2449
2/1/17,43.0967
2/2/17,49.4458
2/3/17,52.9075
2/6/17,51.0261
2/7/17,50.2125
2/8/17,54.2147
2/9/17,55.8526
2/10/17,59.731
2/13/17,61.317
2/14/17,57.2107
2/15/17,56.5617
2/16/17,59.1964
2/17/17,60.1118
2/21/17,66.3105
2/22/17,64.142
2/23/17,66.1676
2/24/17,68.4273
2/27/17,70.6444
2/28/17,66.7958
3/1/17,63.8683
3/2/17,60.1226
3/3/17,58.013
3/6/17,54.0366
3/7/17,50.6041
3/8/17,40.6965
3/9/17,34.7089
3/10/17,33.6846
3/13/17,34.9895
3/14/17,34.5622
3/15/17,48.2656
3/16/17,47.2824
3/17/17,50.0631
3/20/17,49.8059
3/21/17,47.6108
3/22/17,48.0056
3/23/17,53.4806
3/24/17,46.247
3/27/17,42.1769
3/28/17,45.4911
3/29/17,48.66
3/30/17,50.7461
3/31/17,53.9851
4/3/17,54.5935
4/4/17,53.8271
4/5/17,54.0257
4/6/17,59.1361
4/7/17,59.9355
4/10/17,64.505
4/11/17,67.6807
4/12/17,65.1141
4/13/17,62.8332
4/17/17,69.9244
4/18/17,71.0544
4/19/17,69.1402
4/20/17,69.4808
4/21/17,64.5698
4/24/17,55.353
4/25/17,57.4996
4/26/17,51.3703
4/27/17,52.3002
4/28/17,44.7273
5/1/17,49.8044
5/2/17,47.8329
5/3/17,39.778
5/4/17,37.3536
5/5/17,45.2768
5/8/17,41.8562
5/9/17,38.9022
5/10/17,43.2179
5/11/17,40.1627
5/12/17,38.69
5/15/17,41.7567
5/16/17,38.4979
5/17/17,42.9646
5/18/17,45.1615
5/19/17,49.7293
5/22/17,51.8872
5/23/17,53.567
5/24/17,58.1954
5/25/17,59.5868
5/26/17,54.0068
5/30/17,50.7678
5/31/17,50.9721
6/1/17,54.2438
6/2/17,61.0642
6/5/17,58.0761
6/6/17,53.5602
6/7/17,56.5612
6/8/17,55.0519
6/9/17,59.6058
6/12/17,63.7194
6/13/17,64.9523
6/14/17,66.81
6/15/17,68.7321
6/16/17,67.9751
6/19/17,69.0045
6/20/17,64.6859
6/21/17,59.9011
6/22/17,61.437
6/23/17,64.3761
6/26/17,68.5683
6/27/17,53.0526
6/28/17,54.0784
6/29/17,45.5112
6/30/17,45.5112
7/3/17,53.7238
7/5/17,45.7702
7/6/17,36.8066
7/7/17,40.2515
7/10/17,36.9414
7/11/17,36.4406
7/12/17,45.1586
7/13/17,45.4054
7/14/17,51.6551
7/17/17,53.9271
7/18/17,52.2736
7/19/17,56.8346
7/20/17,54.0531
7/21/17,55.3046
7/24/17,53.3708
7/25/17,54.1922
7/26/17,57.6471
7/27/17,58.1998
7/28/17,56.279
7/31/17,56.1615
8/1/17,54.2126
8/2/17,54.3193
8/3/17,50.753
8/4/17,53.8963
8/7/17,54.59
8/8/17,48.7925
8/9/17,47.0793
8/10/17,40.4198
8/11/17,36.9165
8/14/17,51.3699
8/15/17,49.0685
8/16/17,52.552
8/17/17,47.1003
8/18/17,42.0597
8/21/17,49.1168
8/22/17,52.2899
8/23/17,54.2527
8/24/17,53.4294
8/25/17,56.7844
8/28/17,52.3982
8/29/17,51.1528
8/30/17,55.2567
8/31/17,59.6694
9/1/17,59.7516
9/5/17,57.6021
9/6/17,59.0937
9/7/17,63.6549
9/8/17,62.9419
9/11/17,68.2306
9/12/17,57.5846
9/13/17,54.2874
9/14/17,58.5475
9/15/17,61.1957
9/18/17,56.1926
9/19/17,49.9018
9/20/17,48.0622
9/21/17,45.7035
9/22/17,41.6407
9/25/17,46.2504
9/26/17,40.9091
9/27/17,36.5064
9/28/17,42.6355
9/29/17,43.531
10/2/17,42.2678
10/3/17,42.9365
10/4/17,48.4071
10/5/17,50.8924
10/6/17,48.0037
10/9/17,49.7001
10/10/17,50.8864
10/11/17,54.4615
10/12/17,59.4204
10/13/17,60.9747
10/16/17,55.7378
10/17/17,56.4259
10/18/17,55.237
10/19/17,54.4138
10/20/17,50.8756
10/23/17,46.1521
10/24/17,41.7573
10/25/17,38.6829
10/26/17,34.3748
10/27/17,39.6892
10/30/17,42.0747
10/31/17,44.1729
11/1/17,45.0307
11/2/17,51.6916
11/3/17,51.0257
11/6/17,61.0706
11/7/17,65.784
11/8/17,69.5491
11/9/17,69.1025
11/10/17,69.4546
11/13/17,71.5495
11/14/17,69.3305
11/15/17,58.6348
11/16/17,63.3514
11/17/17,58.397
11/20/17,56.2767
11/21/17,61.5013
11/22/17,58.5635
11/24/17,60.0813
11/27/17,55.6877
11/28/17,53.4589
11/29/17,52.2087
11/30/17,53.2679
12/1/17,55.0559
12/4/17,46.934
12/5/17,41.8663
12/6/17,41.5643
12/7/17,46.1655
12/8/17,49.6582
12/11/17,50.804
12/12/17,54.8607
12/13/17,56.8354
12/14/17,56.0586
12/15/17,60.0563
12/18/17,64.7314
12/19/17,38.7306
12/20/17,33.7283
12/21/17,32.1829
12/22/17,37.5001
12/26/17,41.362
12/27/17,44.1267
12/28/17,48.3749
12/29/17,48.5542
1/2/18,45.0972
1/3/18,44.0268
1/4/18,35.2852
1/5/18,36.152
1/8/18,40.9438
1/9/18,35.1377
1/10/18,30.3081
1/11/18,29.0967
1/12/18,26.4412
1/16/18,28.7747
1/17/18,34.6241
1/18/18,30.8534
1/19/18,35.8065
1/22/18,41.4932
1/23/18,49.7169
1/24/18,47.8394
1/25/18,46.8194
1/26/18,47.0625
1/29/18,40.3714
1/30/18,37.9548
1/31/18,47.7405
2/1/18,40.3766
2/2/18,36.7001
2/5/18,28.1152
2/6/18,29.9795
2/7/18,29.0738
2/8/18,23.3605
2/9/18,33.0451
2/12/18,34.364
2/13/18,37.7265
2/14/18,36.4343
2/15/18,40.858
2/16/18,44.4509
2/20/18,40.536
2/21/18,36.0179
2/22/18,39.9995
2/23/18,46.5805
2/26/18,47.8615
2/27/18,41.3693
2/28/18,40.6921
3/1/18,39.7957
3/2/18,39.2692
3/5/18,44.2776
3/6/18,46.9767
3/7/18,49.1225
3/8/18,51.2473
3/9/18,53.8163
3/12/18,55.8424
3/13/18,56.4915
3/14/18,56.8332
3/15/18,56.6734
3/16/18,59.4364
3/19/18,53.6257
3/20/18,53.1527
3/21/18,48.6833
3/22/18,41.8264
3/23/18,35.735
3/26/18,42.7372
3/27/18,44.1615
3/28/18,53.1371
3/29/18,53.2503
4/2/18,46.9061
4/3/18,49.9327
4/4/18,54.7
4/5/18,55.0839
4/6/18,50.5988
4/9/18,49.7646
4/10/18,47.8686
4/11/18,49.093
4/12/18,44.4025
4/13/18,46.4213
4/16/18,49.1733
4/17/18,55.766
4/18/18,54.7412
4/19/18,47.0118
4/20/18,43.1257
4/23/18,43.5185
4/24/18,44.9915
4/25/18,43.8957
4/26/18,51.109
4/27/18,57.4576
4/30/18,55.6136
5/1/18,58.8879
5/2/18,56.679
5/3/18,56.88
5/4/18,61.9497
5/7/18,64.3213
5/8/18,60.6387
5/9/18,63.4277
5/10/18,67.2078
5/11/18,63.9972
5/14/18,58.6249
5/15/18,49.6482
5/16/18,48.117
5/17/18,45.4414
5/18/18,46.8293
5/21/18,52.9684
5/22/18,53.6794
5/23/18,58.1124
5/24/18,56.4129
5/25/18,58.2138
5/29/18,59.7963
5/30/18,65.7484
5/31/18,64.2842
6/1/18,65.8632
6/4/18,69.5659
6/5/18,68.4078
6/6/18,68.9095
6/7/18,69.2021
6/8/18,70.5739
6/11/18,70.6961
6/12/18,73.1026
6/13/18,53.9118
6/14/18,59.4639
6/15/18,59.9961
6/18/18,59.2628
6/19/18,59.1516
6/20/18,64.6528
6/21/18,67.1869
6/22/18,70.062
6/25/18,66.6111
6/26/18,61.2718
6/27/18,56.6968
6/28/18,62.6359
6/29/18,63.8908
7/2/18,58.7876
7/3/18,62.7887
7/5/18,68.544
7/6/18,70.1538
7/9/18,62.731
7/10/18,64.1307
7/11/18,61.6377
7/12/18,63.1199
7/13/18 10:25,60.8009