0,1,2
8/7/02,56.1508,71.5867
8/8/02,42.748,56.7557
8/9/02,45.625,48.1746
8/12/02,56.7361,48.3697
8/13/02,79.8611,60.7407
8/14/02,84.5992,73.7321
8/15/02,74.2817,79.5807
8/16/02,44.8699,67.9169
8/19/02,34.7152,51.2889
8/20/02,48.7364,42.7738
8/21/02,76.4815,53.311
8/22/02,90.1323,71.7834
8/23/02,90.0233,85.5457
8/26/02,88.3567,89.5041
8/27/02,80.4202,86.2667
8/28/02,67.5661,78.781
8/29/02,61.8086,69.9316
8/30/02,67.7609,65.7119
9/3/02,72.3193,67.2963
9/4/02,74.7436,71.608
9/5/02,73.5531,73.5387
9/6/02,59.3651,69.2206
9/9/02,43.5873,58.8352
9/10/02,39.7778,47.5767
9/11/02,48.6667,44.0106
9/12/02,68.8889,52.4444
9/13/02,78.3007,65.2854
9/16/02,88.3007,78.4967
9/17/02,79.4118,82.0044
9/18/02,67.3913,78.3679
9/19/02,53.6486,66.8172
9/20/02,42.5375,54.5258
9/23/02,27.8129,41.333
9/24/02,24.0342,31.4615
9/25/02,23.3397,25.0623
9/26/02,36.4626,27.9455
9/27/02,57.7851,39.1958
9/30/02,72.7652,55.671
10/1/02,72.8488,67.7997
10/2/02,57.1429,67.5856
10/3/02,38.8889,56.2935
10/4/02,35.1371,43.7229
10/7/02,26.4069,33.4776
10/8/02,19.2641,26.936
10/9/02,11.7406,19.1372
10/10/02,14.5977,15.2008
10/11/02,29.4125,18.5836
10/14/02,47.037,30.3491
10/15/02,40.3704,38.94
10/16/02,28.8889,38.7654
10/17/02,11.1111,26.7901
10/18/02,19.5425,19.8475
10/21/02,23.352,18.0019
10/22/02,30.8123,24.5689
10/23/02,44.0476,32.7373
10/24/02,70.2381,48.366
10/25/02,91.6667,68.6508
10/28/02,100,87.3016
10/29/02,95.4023,95.6897
10/30/02,90.6404,95.3476
10/31/02,90.6404,92.2277
11/1/02,74.9129,85.3979
11/4/02,60.7559,75.4364
11/5/02,40.0352,58.568
11/6/02,44.5709,48.454
11/7/02,63.4898,49.3653
11/8/02,82.7613,63.6073
11/11/02,97.1902,81.1471
11/12/02,89.7072,89.8862
11/13/02,87.0748,91.3241
11/14/02,78.9116,85.2312
11/15/02,70.839,78.9418
11/18/02,72.8373,74.196
11/19/02,76.1111,73.2625
11/20/02,74.1228,74.3571
11/21/02,56.5983,68.9441
11/22/02,33.6816,54.8009
11/25/02,21.8505,37.3768
11/26/02,24.7917,26.7746
11/27/02,31.7361,26.1261
11/29/02,42.9293,33.1524
12/2/02,42.9293,39.1982
12/3/02,52.1886,46.0157
12/4/02,58.6057,51.2412
12/5/02,70.8279,60.5407
12/6/02,73.7908,67.7415
12/9/02,68.8889,71.1692
12/10/02,62.2222,68.3007
12/11/02,69.8413,66.9841
12/12/02,82.0635,71.3757
12/13/02,68.9322,73.6123
12/16/02,46.8483,65.948
12/17/02,34.6261,50.1355
12/18/02,58.8685,46.781
12/19/02,83.3333,58.9426
12/20/02,98.0392,80.0804
12/23/02,96.0784,92.4837
12/24/02,89.4118,94.5098
12/26/02,91.3725,92.2876
12/27/02,93.3333,91.3725
12/30/02,98.4127,94.3729
12/31/02,91.0053,94.2504
1/2/03,60.8978,83.4386
1/3/03,38.8292,63.5774
1/6/03,22.5806,40.7692
1/7/03,34.2974,31.9024
1/8/03,47.9533,34.9438
1/9/03,47.5351,43.2619
1/10/03,47.4074,47.6319
1/13/03,37.037,43.9932
1/14/03,46.2963,43.5802
1/15/03,51.0893,44.8076
1/16/03,50.0311,49.1389
1/17/03,55.3221,52.1475
1/21/03,59.5238,54.959
1/22/03,76.1905,63.6788
1/23/03,81.2698,72.328
1/24/03,84.5437,80.668
1/27/03,68.4722,78.0952
1/28/03,57.5321,70.1826
1/29/03,48.3974,58.1339
1/30/03,47.8022,51.2439
1/31/03,54.0959,50.0985
2/3/03,57.3593,53.0858
2/4/03,72.7273,61.3942
2/5/03,69.697,66.5945
2/6/03,75.7576,72.7273
2/7/03,79.0404,74.8316
2/10/03,67.8283,74.2088
2/11/03,63.8889,70.2525
2/12/03,48.1481,59.9551
2/13/03,50.0322,54.0231
2/14/03,38.2931,45.4911
2/18/03,42.5259,43.6171
2/19/03,60.6418,47.1536
2/20/03,75.2381,59.4686
2/21/03,73.9683,69.9494
2/24/03,70.6349,73.2804
2/25/03,70.0855,71.5629
2/26/03,85.641,75.4538
2/27/03,92.3077,82.6781
2/28/03,93.3333,90.4274
3/3/03,88.5714,91.4042
3/4/03,86.0073,89.304
3/5/03,87.1184,87.2324
3/6/03,77.0655,83.3971
3/7/03,61.1111,75.0984
3/10/03,59.2593,65.812
3/11/03,55.5556,58.642
3/12/03,48.1481,54.321
3/13/03,29.6296,44.4444
3/14/03,20.3704,32.716
3/17/03,14.5503,21.5168
3/18/03,10.989,15.3032
3/19/03,8.332,11.2904
3/20/03,12.5418,10.6209
3/21/03,9.6179,10.1639
3/24/03,21.9903,14.7167
3/25/03,44.1065,25.2382
3/26/03,74.6657,46.9208
3/27/03,90.9066,69.8929
3/28/03,91.3267,85.633
3/31/03,91.4241,91.2191
4/1/03,88.3971,90.3826
4/2/03,79.0382,86.2865
4/3/03,63.973,77.1361
4/4/03,43.745,62.252
4/7/03,39.845,49.1876
4/8/03,47.6733,43.7544
4/9/03,71.6533,53.0572
4/10/03,80.0439,66.4568
4/11/03,70.614,74.1037
4/14/03,53.0055,67.8878
4/15/03,48.965,57.5282
4/16/03,66.3444,56.105
4/17/03,74.7528,63.3541
4/21/03,82.3789,74.492
4/22/03,71.438,76.1899
4/23/03,78.9142,77.577
4/24/03,81.5511,77.3011
4/25/03,88.7244,83.0632
4/28/03,87.0084,85.7613
4/29/03,77.0179,84.2502
4/30/03,75.7425,79.9229
5/1/03,66.7986,73.1863
5/2/03,57.6408,66.7273
5/5/03,53.1863,59.2086
5/6/03,60.2837,57.0369
5/7/03,82.1388,65.2029
5/8/03,85.3123,75.9116
5/9/03,81.8326,83.0946
5/12/03,75.6185,80.9211
5/13/03,69.7051,75.7187
5/14/03,75.3424,73.5553
5/15/03,76.0078,73.6851
5/16/03,89.092,80.1474
5/19/03,81.7925,82.2975
5/20/03,81.1374,84.0073
5/21/03,72.5485,78.4928
5/22/03,84.0734,79.2531
5/23/03,86.6008,81.0742
5/27/03,83.9316,84.8686
5/28/03,61.511,77.3478
5/29/03,59.4597,68.3008
5/30/03,65.3571,62.1093
6/2/03,60.8772,61.898
6/3/03,61.1111,62.4485
6/4/03,62.9845,61.6576
6/5/03,79.1107,67.7354
6/6/03,77.9677,73.3543
6/9/03,74.2879,77.1221
6/10/03,85.0623,79.1059
6/11/03,86.1423,81.8308
6/12/03,91.0237,87.4094
6/13/03,87.7054,88.2905
6/16/03,77.7156,85.4816
6/17/03,55.9538,73.7916
6/18/03,25.9387,53.2027
6/19/03,14.838,32.2435
6/20/03,6.9334,15.9034
6/23/03,18.9263,13.5659
6/24/03,35.143,20.3342
6/25/03,39.1155,31.0616
6/26/03,30.232,34.8302
6/27/03,11.4691,26.9389
6/30/03,15.3611,19.0207
7/1/03,12.8813,13.2372
7/2/03,22.1627,16.8017
7/3/03,16.1119,17.052
7/7/03,17.946,18.7402
7/8/03,12.8712,15.643
7/9/03,24.8712,18.5628
7/10/03,41.3354,26.3592
7/11/03,62.1502,42.7856
7/14/03,64.6277,56.0377
7/15/03,50.3293,59.0357
7/16/03,30.4687,48.4752
7/17/03,15.4771,32.0917
7/18/03,18.6441,21.5299
7/21/03,13.6775,15.9329
7/22/03,17.8267,16.7161
7/23/03,29.1014,20.2019
7/24/03,36.8175,27.9152
7/25/03,38.092,34.6703
7/28/03,19.0207,31.3101
7/29/03,8.2221,21.7783
7/30/03,6.6513,11.298
7/31/03,9.4491,8.1075
8/1/03,15.5141,10.5382
8/4/03,21.2806,15.4146
8/5/03,28.2096,21.6681
8/6/03,41.264,30.2514
8/7/03,59.4472,42.9736
8/8/03,73.3178,58.0097
8/11/03,70.4696,67.7449
8/12/03,54.1186,65.9687
8/13/03,32.0179,52.202
8/14/03,24.0761,36.7375
8/15/03,23.5266,26.5402
8/18/03,40.1994,29.2673
8/19/03,64.7451,42.8237
8/20/03,76.1663,60.3703
8/21/03,71.3973,70.7696
8/22/03,59.0661,68.8766
8/25/03,41.5132,57.3255
8/26/03,42.1046,47.5613
8/27/03,39.1342,40.9173
8/28/03,61.5303,47.5897
8/29/03,72.1459,57.6034
9/2/03,61.066,64.914
9/3/03,43.1783,58.7967
9/4/03,36.9311,47.0584
9/5/03,58.2831,46.1308
9/8/03,65.5472,53.5871
9/9/03,70.678,64.8361
9/10/03,75.853,70.6927
9/11/03,78.3562,74.9624
9/12/03,81.766,78.6584
9/15/03,75.9181,78.6801
9/16/03,84.1399,80.608
9/17/03,88.6403,82.8994
9/18/03,88.6743,87.1515
9/19/03,88.5715,88.6287
9/22/03,77.5169,84.9209
9/23/03,71.9965,79.3616
9/24/03,71.9594,73.8242
9/25/03,84.9464,76.3008
9/26/03,96.2808,84.3956
9/29/03,95.7338,92.3203
9/30/03,95.1332,95.7159
10/1/03,86.6105,92.4925
10/2/03,71.7046,84.4827
10/3/03,41.223,66.5127
10/6/03,21.8276,44.9184
10/7/03,8.7593,23.9366
10/8/03,13.9323,14.8397
10/9/03,20.7661,14.4859
10/10/03,47.451,27.3832
10/13/03,66.1137,44.777
10/14/03,69.3059,60.9569
10/15/03,57.2144,64.2113
10/16/03,37.8439,54.7881
10/17/03,49.2545,48.1043
10/20/03,60.29,49.1295
10/21/03,78.1478,62.5641
10/22/03,82.2983,73.5787
10/23/03,72.5929,77.6797
10/24/03,81.352,78.7477
10/27/03,75.4185,76.4545
10/28/03,91.5335,82.768
10/29/03,75.5739,80.842
10/30/03,64.1319,77.0798
10/31/03,44.6274,61.4444
11/3/03,37.8439,48.8677
11/4/03,37.8297,40.1003
11/5/03,24.4674,33.3803
11/6/03,14.0563,25.4511
11/7/03,10.6884,16.404
11/10/03,16.7302,13.825
11/11/03,31.5872,19.6686
11/12/03,48.5597,32.2923
11/13/03,70.8248,50.3239
11/14/03,88.3467,69.2437
11/17/03,89.8572,83.0096
11/18/03,94.6191,90.941
11/19/03,76.7215,87.0659
11/20/03,66.7972,79.3793
11/21/03,58.5962,67.3716
11/24/03,49.6649,58.3528
11/25/03,45.7052,51.3221
11/26/03,30.1381,41.8361
11/28/03,25.8076,33.8836
12/1/03,19.743,25.2296
12/2/03,23.468,23.0062
12/3/03,32.8039,25.3383
12/4/03,39.2198,31.8306
12/5/03,56.2706,42.7648
12/8/03,63.4596,52.9834
12/9/03,56.7061,58.8121
12/10/03,39.3159,53.1605
12/11/03,43.2504,46.4241
12/12/03,64.3947,48.987
12/15/03,77.0061,61.5504
12/16/03,85.4512,75.6173
12/17/03,83.124,81.8604
12/18/03,90.8949,86.49
12/19/03,93.7102,89.243
12/22/03,88.6166,91.0739
12/23/03,58.9614,80.4294
12/24/03,43.7353,63.7711
12/26/03,40.1978,47.6315
12/29/03,49.7549,44.5626
12/30/03,37.7294,42.5607
12/31/03,26.9079,38.1307
1/2/04,15.707,26.7814
1/5/04,14.007,18.874
1/6/04,33.9416,21.2185
1/7/04,58.9397,35.6294
1/8/04,85.2781,59.3864
1/9/04,89.0408,77.7529
1/12/04,89.5818,87.9669
1/13/04,87.3643,88.6623
1/14/04,84.5767,87.1743
1/15/04,90.3365,87.4258
1/16/04,81.9652,85.6261
1/20/04,68.3438,80.2152
1/21/04,50.5076,66.9389
1/22/04,58.4325,59.0946
1/23/04,47.5844,52.1748
1/26/04,32.0873,46.0347
1/27/04,15.6366,31.7694
1/28/04,13.7813,20.5017
1/29/04,18.3208,15.9129
1/30/04,18.2859,16.796
2/2/04,18.6421,18.4163
2/3/04,21.0623,19.3301
2/4/04,18.8265,19.5103
2/5/04,23.183,21.0239
2/6/04,36.7094,26.2396
2/9/04,58.0497,39.3141
2/10/04,71.9229,55.5607
2/11/04,78.7624,69.5783
2/12/04,69.1359,73.2737
2/13/04,81.0917,76.33
2/17/04,78.9854,76.4044
2/18/04,76.8104,78.9625
2/19/04,60.6608,72.1522
2/20/04,36.2167,57.896
2/23/04,26.3439,41.0738
2/24/04,21.1886,27.9164
2/25/04,34.1085,27.2137
2/26/04,45.2576,33.5183
2/27/04,62.0126,47.1262
3/1/04,59.8964,55.7222
3/2/04,51.7567,57.8886
3/3/04,37.1896,49.6142
3/4/04,43.3738,44.1067
3/5/04,57.7508,46.1048
3/8/04,72.8074,57.9773
3/9/04,83.776,71.4447
3/10/04,90.4713,82.3516
3/11/04,80.2341,84.8271
3/12/04,61.1243,77.2765
3/15/04,42.3465,61.235
3/16/04,53.9294,52.4667
3/17/04,72.4495,56.2418
3/18/04,73.3875,66.5888
3/19/04,53.2787,66.3719
3/22/04,47.2678,57.978
3/23/04,59.4009,53.3158
3/24/04,73.5055,60.0581
3/25/04,66.8625,66.5897
3/26/04,39.9419,60.1033
3/29/04,26.5894,44.4646
3/30/04,16.7192,27.7502
3/31/04,31.5537,24.9541
4/1/04,26.9725,25.0818
4/2/04,23.8368,27.4543
4/5/04,11.4678,20.759
4/6/04,12.9171,16.0739
4/7/04,19.2179,14.5342
4/8/04,39.7224,23.9524
4/12/04,38.4127,32.451
4/13/04,31.5595,36.5649
4/14/04,14.3974,28.1232
4/15/04,8.9036,18.2868
4/16/04,19.8951,14.3987
4/19/04,27.4584,18.7524
4/20/04,27.4253,24.9263
4/21/04,22.5848,25.8228
4/22/04,32.206,27.4054
4/23/04,42.6768,32.4892
4/26/04,49.3395,41.4074
4/27/04,57.5175,49.8446
4/28/04,53.9538,53.6036
4/29/04,47.5003,52.9905
4/30/04,24.3802,41.9448
5/3/04,22.2946,31.3917
5/4/04,14.1597,20.2782
5/5/04,12.4325,16.2956
5/6/04,8.8016,11.7979
5/7/04,10.313,10.5157
5/10/04,3.8413,7.652
5/11/04,4.0354,6.0633
5/12/04,5.8634,4.58
5/13/04,7.0903,5.663
5/14/04,25.3926,12.7821
5/17/04,51.5817,28.0215
5/18/04,78.8051,51.9265
5/19/04,79.4754,69.954
5/20/04,82.8852,80.3885
5/21/04,78.7163,80.3589
5/24/04,89.9224,83.8413
5/25/04,85.8765,84.8384
5/26/04,94.8371,90.212
5/27/04,95.3355,92.0164
5/28/04,94.5774,94.9166
6/1/04,67.5621,85.825
6/2/04,36.857,66.3322
6/3/04,17.2977,40.5723
6/4/04,14.4787,22.8778
6/7/04,25.5626,19.113
6/8/04,38.3454,26.1289
6/9/04,39.6612,34.523
6/10/04,39.0655,39.024
6/14/04,17.8669,32.1978
6/15/04,40.8682,32.6002
6/16/04,56.1765,38.3039
6/17/04,87.0168,61.3538
6/18/04,84.8417,76.0117
6/21/04,85.0196,85.626
6/22/04,74.1823,81.3479
6/23/04,63.2781,74.16
6/24/04,55.0115,64.1573
6/25/04,56.7914,58.3604
6/28/04,44.0877,51.9636
6/29/04,47.082,49.3204
6/30/04,51.6915,47.6204
7/1/04,78.7318,59.1684
7/2/04,87.51,72.6444
7/6/04,88.2592,84.8337
7/7/04,86.5743,87.4478
7/8/04,83.5071,86.1135
7/9/04,80.4291,83.5035
7/12/04,81.9023,81.9462
7/13/04,71.7584,78.0299
7/14/04,68.2136,73.9581
7/15/04,50,63.324
7/16/04,64.8148,61.0095
7/19/04,75.9815,63.5988
7/20/04,77.3333,72.7099
7/21/04,56.782,70.0323
7/22/04,31.2982,55.1378
7/23/04,37.594,41.8914
7/26/04,42.9692,37.2871
7/27/04,43.4855,41.3496
7/28/04,29.8194,38.758
7/29/04,25.9151,33.0733
7/30/04,52.2158,35.9834
8/2/04,75.8836,51.3382
8/3/04,86.3393,71.4796
8/4/04,82.2268,81.4832
8/5/04,81.5156,83.3606
8/6/04,85.1696,82.9706
8/9/04,84.6038,83.763
8/10/04,78.1645,82.6459
8/11/04,67.4974,76.7552
8/12/04,52.8107,66.1575
8/13/04,55.512,58.6067
8/16/04,58.6837,55.6688
8/17/04,78.0488,64.0815
8/18/04,74.9322,70.5549
8/19/04,81.546,78.1757
8/20/04,65.5154,73.9979
8/23/04,52.1911,66.4175
8/24/04,33.7541,50.4869
8/25/04,41.0276,42.3243
8/26/04,60.8666,45.2161
8/27/04,83.8226,61.9056
8/30/04,92.5797,79.0896
8/31/04,95.7255,90.7093
9/1/04,80.5979,89.6344
9/2/04,51.4025,75.9086
9/3/04,21.319,51.1065
9/7/04,14.3231,29.0149
9/8/04,30.7407,22.1276
9/9/04,57.5028,34.1889
9/10/04,73.4848,53.9095
9/13/04,85.3968,72.1282
9/14/04,87.8499,82.2439
9/15/04,88.5736,87.2735
9/16/04,86.2056,87.543
9/17/04,76.3335,83.7042
9/20/04,82.4615,81.6669
9/21/04,82.1141,80.303
9/22/04,92.3343,85.6366
9/23/04,76.8283,83.7589
9/24/04,60.4719,76.5449
9/27/04,55.8427,64.381
9/28/04,60.2696,58.8614
9/29/04,57.8114,57.9745
9/30/04,41.1934,53.0915
10/1/04,22.1979,40.4009
10/4/04,15.1397,26.177
10/5/04,20.5805,19.306
10/6/04,27.5692,21.0965
10/7/04,29.5019,25.8839
10/8/04,45.1983,34.0898
10/11/04,67.6634,47.4545
10/12/04,90.6976,67.8531
10/13/04,89.9354,82.7655
10/14/04,91.1792,90.6041
10/15/04,83.135,88.0832
10/18/04,78.0747,84.1296
10/19/04,67.4978,76.2359
10/20/04,80.0291,75.2006
10/21/04,84.6154,77.3808
10/22/04,86.2035,83.616
10/25/04,79.186,83.335
10/26/04,68.4093,77.9329
10/27/04,46.9383,64.8445
10/28/04,30.7558,48.7011
10/29/04,32.7402,36.8114
11/1/04,29.8667,31.1209
11/2/04,23.7522,28.7864
11/3/04,8.0138,20.5442
11/4/04,24.2988,18.6883
11/5/04,32.1284,21.4804
11/8/04,35.5429,30.6567
11/9/04,27.0176,31.563
11/10/04,21.1771,27.9125
11/11/04,25.9865,24.7271
11/12/04,44.8527,30.6721
11/15/04,65.5113,45.4501
11/16/04,78.2422,62.8687
11/17/04,82.8864,75.5466
11/18/04,87.3362,82.8216
11/19/04,81.6127,83.9451
11/22/04,68.5611,79.17
11/23/04,55.1369,68.4369
11/24/04,53.3467,59.0149
11/26/04,43.3878,50.6238
11/29/04,26.1256,40.9533
11/30/04,14.4437,27.9857
12/1/04,10.9025,17.1572
12/2/04,13.577,12.9744
12/3/04,24.2864,16.2553
12/6/04,42.3322,26.7319
12/7/04,67.2764,44.6317
12/8/04,78.486,62.6982
12/9/04,85.1621,76.9748
12/10/04,83.0759,82.2413
12/13/04,86.0463,84.7614
12/14/04,87.3444,85.4889
12/15/04,94.7151,89.3686
12/16/04,71.5385,84.5327
12/17/04,51.2839,72.5125
12/20/04,26.2839,49.7021
12/21/04,31.332,36.2999
12/22/04,38.1686,31.9282
12/23/04,59.9738,43.1581
12/27/04,57.3229,51.8218
12/28/04,55.5787,57.6251
12/29/04,36.5514,49.8177
12/30/04,51.2666,47.7989
12/31/04,49.2867,45.7016
1/3/05,71.5089,57.3541
1/4/05,55.1695,58.6551
1/5/05,51.6132,59.4306
1/6/05,31.5329,46.1052
1/7/05,35.3087,39.4849
1/10/05,30.8865,32.576
1/11/05,36.7446,34.3133
1/12/05,49.0881,38.9064
1/13/05,70.8286,52.2204
1/14/05,79.7287,66.5484
1/18/05,85.0616,78.5396
1/19/05,90.5031,85.0978
1/20/05,83.2236,86.2627
1/21/05,82.9891,85.5719
1/24/05,81.8042,82.6723
1/25/05,75.0643,79.9525
1/26/05,60.3255,72.398
1/27/05,44.1197,59.8365
1/28/05,60.4895,54.9782
1/31/05,76.1324,60.2472
2/1/05,79.9406,72.1875
2/2/05,66.32,74.131
2/3/05,49.6251,65.2952
2/4/05,53.854,56.5997
2/7/05,61.6893,55.0561
2/8/05,81.0975,65.5469
2/9/05,89.1119,77.2996
2/10/05,86.4173,85.5423
2/11/05,60.5751,78.7014
2/14/05,42.322,63.1048
2/15/05,28.3019,43.733
2/16/05,25.0062,31.8767
2/17/05,19.5451,24.2844
2/18/05,15.9919,20.1811
2/22/05,16.7529,17.43
2/23/05,17.8159,16.8535
2/24/05,19.0631,17.8773
2/25/05,29.9206,22.2665
2/28/05,24.5894,24.5244
3/1/05,23.3475,25.9525
3/2/05,13.0445,20.3271
3/3/05,15.2352,17.2091
3/4/05,27.1881,18.4893
3/7/05,51.4594,31.2942
3/8/05,57.3694,45.339
3/9/05,41.1028,49.9772
3/10/05,15.6019,38.0247
3/11/05,8.1046,21.6031
3/14/05,15.1327,12.9464
3/15/05,11.3807,11.5394
3/16/05,20.4304,15.648
3/17/05,24.9535,18.9215
3/18/05,30.5158,25.2999
3/21/05,19.7178,25.0624
3/22/05,8.1667,19.4668
3/23/05,12.0818,13.3221
3/24/05,25.4892,15.2459
3/28/05,39.0186,25.5298
3/29/05,46.5251,37.0109
3/30/05,61.7176,49.0871
3/31/05,80.8615,63.0347
4/1/05,85.0587,75.8793
4/4/05,56.2466,74.0556
4/5/05,39.095,60.1335
4/6/05,31.6378,42.3265
4/7/05,29.5165,33.4164
4/8/05,26.8903,29.3482
4/11/05,34.3424,30.2497
4/12/05,63.3378,41.5235
4/13/05,82.1195,59.9332
4/14/05,84.0679,76.5084
4/15/05,84.6464,83.6113
4/18/05,80.9414,83.2186
4/19/05,90.2444,85.2774
4/20/05,93.1109,88.0989
4/21/05,81.4788,88.278
4/22/05,70.5286,81.7061
4/25/05,71.1287,74.3787
4/26/05,78.7104,73.4559
4/27/05,87.3854,79.0748
4/28/05,87.1986,84.4314
4/29/05,85.2725,86.6188
5/2/05,68.0011,80.1574
5/3/05,46.1689,66.4808
5/4/05,37.7265,50.6322
5/5/05,41.0581,41.6512
5/6/05,38.9652,39.25
5/9/05,31.2729,37.0987
5/10/05,20.1923,30.1435
5/11/05,18.956,23.4737
5/12/05,27.381,22.1764
5/13/05,51.4184,32.5851
5/16/05,68.3124,49.0373
5/17/05,80.0314,66.5874
5/18/05,82.8421,77.062
5/19/05,85.7225,82.8653
5/20/05,86.3844,84.983
5/23/05,87.2399,86.4489
5/24/05,88.7587,87.461
5/25/05,90.7877,88.9288
5/26/05,88.4058,89.3174
5/27/05,89.5881,89.5939
5/31/05,90.6796,89.5578
6/1/05,89.726,89.9979
6/2/05,92.6693,91.025
6/3/05,77.3899,86.5951
6/6/05,63.2651,77.7748
6/7/05,49.3848,63.3466
6/8/05,45.3898,52.6799
6/9/05,45.935,46.9032
6/10/05,35.1038,42.1429
6/13/05,28.9388,36.6592
6/14/05,17.3595,27.134
6/15/05,13.0696,19.7893
6/16/05,16.3937,15.6076
6/17/05,22.2467,17.2366
6/20/05,28.6634,22.4346
6/21/05,51.547,34.1523
6/22/05,70.4678,50.2261
6/23/05,90.8626,70.9591
6/24/05,93.4443,84.9249
6/27/05,97.1807,93.8292
6/28/05,87.4717,92.6989
6/29/05,73.1751,85.9425
6/30/05,66.0267,75.5578
7/1/05,45.4046,61.5355
7/5/05,29.836,47.0891
7/6/05,12.0419,29.0942
7/7/05,25.5624,22.4801
7/8/05,34.7243,24.1095
7/11/05,26.5443,28.9436
7/12/05,14.9401,25.4029
7/13/05,11.2782,17.5875
7/14/05,22.7286,16.3156
7/15/05,42.4445,25.4838
7/18/05,53.4794,39.5508
7/19/05,63.6339,53.1859
7/20/05,62.8403,59.9845
7/21/05,44.21,56.8947
7/22/05,43.7815,50.2773
7/25/05,43.1373,43.7096
7/26/05,63.5294,50.1494
7/27/05,59.0196,55.2288
7/28/05,65.7267,62.7586
7/29/05,61.0208,61.9224
8/1/05,53.5422,60.0966
8/2/05,30.9653,48.5094
8/3/05,24.5726,36.36
8/4/05,26.3466,27.2948
8/5/05,35.2098,28.7097
8/8/05,27.6524,29.7363
8/9/05,25.4283,29.4302
8/10/05,23.301,25.4605
8/11/05,52.3556,33.6949
8/12/05,76.951,50.8692
8/15/05,94.3024,74.5363
8/16/05,90.7073,87.3203
8/17/05,81.2499,88.7532
8/18/05,74.2178,82.0583
8/19/05,63.4927,72.9868
8/22/05,55.303,64.3378
8/23/05,56.338,58.3779
8/24/05,59.8177,57.1529
8/25/05,64.3149,60.1569
8/26/05,66.9983,63.7103
8/29/05,70.114,67.1424
8/30/05,71.9305,69.6809
8/31/05,79.0891,73.7112
9/1/05,70.2784,73.766
9/2/05,64.3899,71.2525
9/6/05,42.4428,59.037
9/7/05,32.0924,46.3084
9/8/05,22.6955,32.4102
9/9/05,22.2721,25.6867
9/12/05,23.5545,22.8407
9/13/05,35.3583,27.0616
9/14/05,31.0726,29.9951
9/15/05,29.2544,31.8951
9/16/05,13.1949,24.5073
9/19/05,17.6602,20.0365
9/20/05,26.233,19.0294
9/21/05,53.1074,32.3335
9/22/05,69.7482,49.6962
9/23/05,75.5276,66.1277
9/26/05,55.9055,67.0604
9/27/05,37.9182,56.4504
9/28/05,35.2368,43.0202
9/29/05,47.7477,40.3009
9/30/05,45.1051,42.6966
10/3/05,31.287,41.3799
10/4/05,14.8201,30.4041
10/5/05,17.855,21.3207
10/6/05,19.3329,17.336
10/7/05,32.1489,23.1122
10/10/05,41.6564,31.0461
10/11/05,46.82,40.2084
10/12/05,32.7793,40.4186
10/13/05,20.6781,33.4258
10/14/05,16.3053,23.2542
10/17/05,22.0863,19.6899
10/18/05,32.9029,23.7648
10/19/05,55.8786,36.9559
10/20/05,62.2335,50.3383
10/21/05,69.8162,62.6427
10/24/05,53.8955,61.9817
10/25/05,40.9326,54.8814
10/26/05,19.3108,38.0463
10/27/05,13.1107,24.4513
10/28/05,16.0736,16.165
10/31/05,19.8996,16.3613
11/1/05,20.6744,18.8825
11/2/05,14.0077,18.1939
11/3/05,7.0426,13.9082
11/4/05,6.42,9.1568
11/7/05,17.8579,10.4402
11/8/05,48.2437,24.1739
11/9/05,55.9096,40.6704
11/10/05,75.3058,59.8197
11/11/05,76.3134,69.1762
11/14/05,78.9988,76.8727
11/15/05,72.5455,75.9526
11/16/05,69.6122,73.7188
11/17/05,82.233,74.7969
11/18/05,81.0293,77.6248
11/21/05,81.5387,81.6003
11/22/05,84.8077,82.4586
11/23/05,85.1394,83.8286
11/25/05,83.7391,84.5621
11/28/05,81.9657,83.6147
11/29/05,88.342,84.6822
11/30/05,61.633,77.3136
12/1/05,32.1908,60.7219
12/2/05,6.7361,33.52
12/5/05,6.9479,15.2916
12/6/05,13.9029,9.1956
12/7/05,15.595,12.1486
12/8/05,34.9408,21.4795
12/9/05,38.3976,29.6444
12/12/05,33.7457,35.6947
12/13/05,21.0563,31.0665
12/14/05,36.7651,30.5224
12/15/05,58.6661,38.8292
12/16/05,79.1533,58.1949
12/19/05,76.3771,71.3989
12/20/05,76.5349,77.3551
12/21/05,72.6712,75.1944
12/22/05,70.8497,73.3519
12/23/05,73.352,72.2909
12/27/05,79.6688,74.6235
12/28/05,80.4533,77.8247
12/29/05,69.0049,76.3757
12/30/05,48.788,66.0821
1/3/06,51.445,56.4126
1/4/06,65.293,55.1753
1/5/06,84.8643,67.2008
1/6/06,84.5211,78.2261
1/9/06,82.0513,83.8122
1/10/06,57.9487,74.8404
1/11/06,34.8504,58.2835
1/12/06,28.5859,40.4617
1/13/06,53.9012,39.1125
1/17/06,79.1983,53.8951
1/18/06,91.0803,74.7266
1/19/06,82.148,84.1422
1/20/06,78.158,83.7954
1/23/06,79.9124,80.0728
1/24/06,76.161,78.0771
1/25/06,58.2421,71.4385
1/26/06,31.3604,55.2545
1/27/06,22.8149,37.4725
1/30/06,17.2043,23.7932
1/31/06,15.917,18.6454
2/1/06,9.2966,14.1393
2/2/06,10.9494,12.0543
2/3/06,14.2551,11.5004
2/6/06,24.083,16.4292
2/7/06,31.2654,23.2011
2/8/06,31.6308,28.993
2/9/06,33.3333,32.0765
2/10/06,28.2017,31.0553
2/13/06,30.4775,30.6708
2/14/06,24.9843,27.8878
2/15/06,34.9418,30.1345
2/16/06,45.6886,35.2049
2/17/06,61.0293,47.2199
2/21/06,71.1777,59.2985
2/22/06,82.6531,71.62
2/23/06,81.5873,78.4727
2/24/06,72.5214,78.9206
2/27/06,50.7265,68.2784
2/28/06,44.521,55.923
3/1/06,36.1972,43.8149
3/2/06,27.2124,35.9769
3/3/06,14.0527,25.8208
3/6/06,7.633,16.2993
3/7/06,7.8169,9.8342
3/8/06,8.0794,7.8431
3/9/06,14.3636,10.0866
3/10/06,31.8508,18.0979
3/13/06,46.6639,30.9594
3/14/06,71.3875,49.9674
3/15/06,78.0362,65.3625
3/16/06,88.563,79.3289
3/17/06,86.3431,84.3141
3/20/06,89.0647,87.9902
3/21/06,72.2406,82.5495
3/22/06,55.6096,72.3049
3/23/06,40.7204,56.1902
3/24/06,50.0654,48.7984
3/27/06,61.3408,50.7089
3/28/06,53.5657,54.9906
3/29/06,36.6693,50.5253
3/30/06,20.3338,36.8563
3/31/06,15.3511,24.1181
4/3/06,16.4113,17.3654
4/4/06,21.0516,17.6047
4/5/06,42.7147,26.7259
4/6/06,49.3363,37.7009
4/7/06,44.9738,45.6749
4/10/06,24.8574,39.7225
4/11/06,22.4284,30.7532
4/12/06,20.0538,22.4465
4/13/06,26.5306,23.0043
4/17/06,34.8347,27.1397
4/18/06,54.1879,38.5177
4/19/06,67.0729,52.0318
4/20/06,76.0195,65.7601
4/21/06,83.4359,75.5094
4/24/06,87.9298,82.4617
4/25/06,62.8237,78.0631
4/26/06,36.5486,62.434
4/27/06,21.6524,40.3416
4/28/06,39.1941,32.4651
5/1/06,35.033,31.9598
5/2/06,28.7191,34.3154
5/3/06,14.7566,26.1696
5/4/06,20.1484,21.208
5/5/06,33.7821,22.8957
5/8/06,53.1658,35.6988
5/9/06,75.3296,54.0925
5/10/06,78.6928,69.0627
5/11/06,60.915,71.6458
5/12/06,39.4336,59.6805
5/15/06,27.037,42.4619
5/16/06,42.963,36.4779
5/17/06,55.6313,41.8771
5/18/06,78.2239,58.9394
5/19/06,82.197,72.0174
5/22/06,86.2176,82.2128
5/23/06,75.575,81.3299
5/24/06,67.0364,76.2763
5/25/06,52.0309,64.8808
5/26/06,38.8639,52.6437
5/30/06,21.2602,37.385
5/31/06,17.2418,25.7886
6/1/06,15.6127,18.0382
6/2/06,40.5948,24.4831
6/5/06,55.9305,37.3794
6/6/06,76.2671,57.5975
6/7/06,67.3469,66.5148
6/8/06,69.8554,71.1565
6/9/06,70.27,69.1575
6/12/06,65.625,68.5835
6/13/06,62.5,66.1317
6/14/06,37.9694,55.3648
6/15/06,28.6207,43.03
6/16/06,14.5866,27.0589
6/19/06,14.1751,19.1275
6/20/06,13.7946,14.1854
6/21/06,8.9379,12.3025
6/22/06,7.6152,10.1159
6/23/06,6.6574,7.7368
6/26/06,15.0588,9.7771
6/27/06,19.4779,13.7314
6/28/06,16.4945,17.0104
6/29/06,35.3973,23.7899
6/30/06,61.9306,37.9408
7/3/06,89.3002,62.2094
7/5/06,82.6129,77.9479
7/6/06,75.6964,82.5365
7/7/06,78.098,78.8024
7/10/06,89.4115,81.0687
7/11/06,92.491,86.6669
7/12/06,93.8981,91.9335
7/13/06,86.7914,91.0602
7/14/06,82.1946,87.628
7/17/06,79.7382,82.908
7/18/06,60.3426,74.0918
7/19/06,61.6858,67.2555
7/20/06,65.6093,62.5459
7/21/06,87.2206,71.5053
7/24/06,89.7272,80.8524
7/25/06,83.2821,86.7433
7/26/06,87.3416,86.7836
7/27/06,74.4653,81.6963
7/28/06,78.176,79.9943
7/31/06,76.5682,76.4032
8/1/06,75.8913,76.8785
8/2/06,68.8687,73.776
8/3/06,62.286,69.0153
8/4/06,76.0462,69.067
8/7/06,78.6917,72.3413
8/8/06,81.4128,78.7169
8/9/06,77.2865,79.1303
8/10/06,69.7513,76.1502
8/11/06,49.5426,65.5268
8/14/06,31.7302,50.3414
8/15/06,44.0411,41.7713
8/16/06,69.386,48.3858
8/17/06,90.7538,68.0603
8/18/06,90.3551,83.4983
8/21/06,91.7242,90.9444
8/22/06,92.0887,91.3893
8/23/06,87.1813,90.3314
8/24/06,77.3599,85.5433
8/25/06,73.7671,79.4361
8/28/06,73.5748,74.9006
8/29/06,81.3682,76.2367
8/30/06,82.3221,79.0884
8/31/06,71.1751,78.2885
9/1/06,60.2556,71.2509
9/5/06,48.4933,59.9747
9/6/06,47.4614,52.0701
9/7/06,42.8256,46.2601
9/8/06,53.7105,47.9991
9/11/06,61.8906,52.8089
9/12/06,75.156,63.5857
9/13/06,79.089,72.0452
9/14/06,73.1624,75.8025
9/15/06,56.4815,69.5776
9/18/06,42.3148,57.3196
9/19/06,55.5556,51.4506
9/20/06,72.2647,56.7117
9/21/06,90.598,72.8061
9/22/06,93.1401,85.3343
9/25/06,92.4515,92.0632
9/26/06,79.0436,88.2117
9/27/06,66.5015,79.3322
9/28/06,48.659,64.7347
9/29/06,36.2605,50.4737
10/2/06,47.6002,44.1732
10/3/06,67.5635,50.4747
10/4/06,93.3231,69.4956
10/5/06,95.1128,85.3331
10/6/06,93.7734,94.0698
10/9/06,66.1473,85.0112
10/10/06,34.4993,64.8067
10/11/06,9.6604,36.769
10/12/06,12.7227,18.9608
10/13/06,13.37,11.9177
10/16/06,23.3797,16.4908
10/17/06,36.1481,24.2993
10/18/06,66.6412,42.0563
10/19/06,68.8596,57.2163
10/20/06,65.3509,66.9506
10/23/06,41.6667,58.6257
10/24/06,41.8705,49.6294
10/25/06,56.8099,46.7824
10/26/06,82.3696,60.35
10/27/06,94.1585,77.7793
10/30/06,91.2588,89.2623
10/31/06,82.812,89.4098
11/1/06,83.1222,85.731
11/2/06,74.5287,80.1543
11/3/06,52.8582,70.1697
11/6/06,33.0573,53.4814
11/7/06,30.4118,38.7758
11/8/06,54.9642,39.4778
11/9/06,76.6828,54.0196
11/10/06,87.8514,73.1661
11/13/06,84.5858,83.04
11/14/06,78.4508,83.6293
11/15/06,58.5448,73.8605
11/16/06,37.1372,58.0443
11/17/06,31.8049,42.4956
11/20/06,44.4444,37.7955
11/21/06,69.0171,48.4222
11/22/06,81.3113,64.9243
11/24/06,85.6103,78.6462
11/27/06,82.673,83.1982
11/28/06,78.7782,82.3538
11/29/06,71.0923,77.5145
11/30/06,75.2987,75.0564
12/1/06,65.7629,70.718
12/4/06,68.8605,69.974
12/5/06,60.0326,64.8853
12/6/06,50.6382,59.8438
12/7/06,39.1948,49.9552
12/8/06,20.1521,36.6617
12/11/06,21.4393,26.9287
12/12/06,39.1419,26.9111
12/13/06,39.4345,33.3385
12/14/06,32.6502,37.0755
12/15/06,6.8759,26.3202
12/18/06,9.8503,16.4588
12/19/06,11.4012,9.3758
12/20/06,16.6287,12.6267
12/21/06,33.3333,20.4544
12/22/06,37.0256,28.9959
12/26/06,43.6715,38.0101
12/27/06,28.4646,36.3872
12/28/06,24.9991,32.3784
12/29/06,14.5056,22.6564
1/3/07,14.6195,18.0414
1/4/07,41.7202,23.6151
1/5/07,67.4896,41.2764
1/8/07,90.6907,66.6335
1/9/07,88.2883,82.1562
1/10/07,75.5202,84.833
1/11/07,50.5802,71.4629
1/12/07,24.8545,50.3183
1/16/07,18.2764,31.237
1/17/07,20.406,21.1789
1/18/07,44.3752,27.6859
1/19/07,61.0989,41.96
1/22/07,88.4137,64.6293
1/23/07,73.0596,74.1907
1/24/07,61.5942,74.3558
1/25/07,33.1628,55.9389
1/26/07,24.898,39.885
1/29/07,14.3614,24.1408
1/30/07,24.7137,21.3244
1/31/07,32.2152,23.7634
2/1/07,35.6451,30.858
2/2/07,33.2423,33.7009
2/5/07,37.401,35.4295
2/6/07,57.6133,42.7522
2/7/07,75.6562,56.8902
2/8/07,89.8662,74.3786
2/9/07,72.4651,79.3292
2/12/07,62.611,74.9808
2/13/07,52.162,62.4127
2/14/07,73.8487,62.8739
2/15/07,84.0346,70.0151
2/16/07,95.0857,84.323
2/20/07,94.6185,91.2463
2/21/07,89.2545,92.9863
2/22/07,70.7074,84.8602
2/23/07,65.4274,75.1298
2/26/07,72.8987,69.6778
2/27/07,85.3276,74.5512
2/28/07,78.5064,78.9109
3/1/07,54.5748,72.8029
3/2/07,43.6933,58.9248
3/5/07,32.5901,43.6194
3/6/07,27.6102,34.6312
3/7/07,24.7503,28.3169
3/8/07,32.9288,28.4298
3/9/07,40.7877,32.8223
3/12/07,58.9768,44.2311
3/13/07,66.2345,55.333
3/14/07,75.1302,66.7805
3/15/07,68.2353,69.8667
3/16/07,49.8788,64.4148
3/19/07,28.7024,48.9388
3/20/07,18.8249,32.4687
3/21/07,41.25,29.5924
3/22/07,57.9167,39.3305
3/23/07,50.8333,50
3/26/07,35,47.9167
3/27/07,30.8333,38.8889
3/28/07,36.7708,34.2014
3/29/07,28.1159,31.9067
3/30/07,26.2996,30.3954
4/2/07,20.124,24.8465
4/3/07,19.7192,22.0476
4/4/07,18.674,19.5057
4/5/07,16.9772,18.4568
4/9/07,22.1313,19.2608
4/10/07,29.3278,22.8121
4/11/07,36.3636,29.2742
4/12/07,44.5605,36.7506
4/13/07,41.8669,40.9304
4/16/07,42.0834,42.837
4/17/07,57.3292,47.0932
4/18/07,68.3579,55.9235
4/19/07,84.7731,70.1534
4/20/07,77.3323,76.8211
4/23/07,83.7412,81.9489
4/24/07,89.137,83.4035
4/25/07,86.3265,86.4016
4/26/07,68.2396,81.2344
4/27/07,45.6349,66.7337
4/30/07,54.7363,56.2036
5/1/07,52.2246,50.8653
5/2/07,52.5047,53.1552
5/3/07,28.076,44.2685
5/4/07,33.415,37.9986
5/7/07,56.9444,39.4785
5/8/07,75.3671,55.2422
5/9/07,76.6667,69.6594
5/10/07,54.4444,68.8261
5/11/07,35.5329,55.548
5/14/07,24.7921,38.2565
5/15/07,17.3396,25.8882
5/16/07,24.358,22.1632
5/17/07,20.1617,20.6197
5/18/07,19.9514,21.4904
5/21/07,16.871,18.9947
5/22/07,16.7531,17.8585
5/23/07,19.6206,17.7483
5/24/07,25.7338,20.7025
5/25/07,39.2035,28.186
5/29/07,33.7766,32.9046
5/30/07,30.5838,34.5213
5/31/07,28.8961,31.0855
6/1/07,30.5186,29.9995
6/4/07,24.0925,27.8357
6/5/07,12.0454,22.2189
6/6/07,14.4819,16.8733
6/7/07,9.4397,11.989
6/8/07,16.5883,13.5033
6/11/07,15.832,13.9534
6/12/07,14.3348,15.5851
6/13/07,15.1599,15.1089
6/14/07,26.3017,18.5988
6/15/07,54.5892,32.0169
6/18/07,73.2729,51.3879
6/19/07,91.2543,73.0388
6/20/07,85.5123,83.3465
6/21/07,64.7196,80.4954
6/22/07,48.7116,66.3145
6/25/07,46.3288,53.2533
6/26/07,60.8925,51.9776
6/27/07,63.7879,57.0031
6/28/07,59.4276,61.3693
6/29/07,63.5943,62.2699
7/2/07,48.1542,57.0587
7/3/07,37.8287,49.859
7/5/07,11.3594,32.4474
7/6/07,9.7063,19.6314
7/9/07,12.377,11.1475
7/10/07,36.8957,19.6596
7/11/07,48.7739,32.6822
7/12/07,45.6151,43.7616
7/13/07,36.1891,43.526
7/16/07,44.4779,42.094
7/17/07,56.3526,45.6732
7/18/07,65.5576,55.4627
7/19/07,59.2571,60.3891
7/20/07,60.6975,61.8374
7/23/07,50.9753,56.9766
7/24/07,44.6667,52.1132
7/25/07,39,44.8807
7/26/07,24,35.8889
7/27/07,14.375,25.7917
7/30/07,9.6131,15.996
7/31/07,17.2321,13.7401
8/1/07,20.7619,15.869
8/2/07,14.4893,17.4945
8/3/07,25.8734,20.3749
8/6/07,27.6083,22.657
8/7/07,40.0241,31.1686
8/8/07,40.6447,36.0924
8/9/07,51.5427,44.0705
8/10/07,40.7495,44.3123
8/13/07,32.1063,41.4662
8/14/07,38.5569,37.1376
8/15/07,52.7686,41.1439
8/16/07,43.0495,44.7917
8/17/07,25.2221,40.3467
8/20/07,30.1657,32.8124
8/21/07,56.8765,37.4214
8/22/07,82.1748,56.4056
8/23/07,88.3908,75.814
8/24/07,91.9743,87.5133
8/27/07,77.0549,85.8067
8/28/07,81.0953,83.3748
8/29/07,66.2064,74.7855
8/30/07,72.9469,73.4162
8/31/07,70.3828,69.8453
9/4/07,67.7021,70.3439
9/5/07,68.2984,68.7944
9/6/07,55.4779,63.8261
9/7/07,72.7273,65.5012
9/10/07,79.826,69.3437
9/11/07,79.8897,77.481
9/12/07,49.2145,69.6434
9/13/07,21.9763,50.3601
9/14/07,12.8074,27.9994
9/17/07,26.1844,20.3227
9/18/07,51.9904,30.3274
9/19/07,52.518,43.5643
9/20/07,46.6239,50.3775
9/21/07,39.5331,46.225
9/24/07,63.4953,49.8841
9/25/07,82.0755,61.7013
9/26/07,90.9984,78.8564
9/27/07,89.0629,87.3789
9/28/07,87.9297,89.3303
10/1/07,58.1539,78.3822
10/2/07,29.7523,58.612
10/3/07,16.0598,34.6553
10/4/07,42.1348,29.3156
10/5/07,58.7576,38.9841
10/8/07,78.9233,59.9386
10/9/07,71.4792,69.72
10/10/07,80.2915,76.898
10/11/07,80.7685,77.513
10/12/07,76.0504,79.0368
10/15/07,70.0997,75.6395
10/16/07,66.9615,71.0372
10/17/07,80.3563,72.4725
10/18/07,86.4793,77.9324
10/19/07,90.5103,85.782
10/22/07,95.2703,90.7533
10/23/07,84.8921,90.2242
10/24/07,77.5821,85.9148
10/25/07,62.5671,75.0138
10/26/07,53.9162,64.6885
10/29/07,45.7875,54.0903
10/30/07,45.7148,48.4728
10/31/07,40.6683,44.0569
11/1/07,46.5831,44.3221
11/2/07,37.7578,41.6697
11/5/07,48.9303,44.4237
11/6/07,25.1208,37.2696
11/7/07,17.4954,30.5155
11/8/07,7.9487,16.8549
11/9/07,30.0671,18.5037
11/12/07,59.3402,32.452
11/13/07,67.1022,52.1698
11/14/07,44.9838,57.1421
11/15/07,26.6143,46.2334
11/16/07,26.5031,32.7004
11/19/07,55.9717,36.363
11/20/07,56.5583,46.3444
11/21/07,71.9526,61.4942
11/23/07,56.3258,61.6122
11/26/07,74.3954,67.5579
11/27/07,61.7834,64.1682
11/28/07,49.5373,61.9054
11/29/07,26.8706,46.0638
11/30/07,30.8417,35.7499
12/3/07,45.3379,34.3501
12/4/07,53.5629,43.2475
12/5/07,43.3498,47.4169
12/6/07,27.5608,41.4912
12/7/07,11.0752,27.3286
12/10/07,4.447,14.361
12/11/07,25.4581,13.6601
12/12/07,46.7554,25.5535
12/13/07,54.9316,42.3817
12/14/07,33.6175,45.1015
12/17/07,25.5134,38.0208
12/18/07,34.8766,31.3358
12/19/07,64.7232,41.7044
12/20/07,73.2795,57.6264
12/21/07,69.211,69.0712
12/24/07,39.5911,60.6939
12/26/07,20.192,42.998
12/27/07,13.5571,24.4468
12/28/07,31.3696,21.7062
12/31/07,48.8817,31.2695
1/2/08,69.7957,50.0157
1/3/08,78.5565,65.7446
1/4/08,91.4397,79.9307
1/7/08,89.1179,86.3714
1/8/08,86.7624,89.1067
1/9/08,70.6263,82.1689
1/10/08,45.8833,67.7573
1/11/08,48.8198,55.1098
1/14/08,54.0731,49.5921
1/15/08,80.2422,61.045
1/16/08,76.4462,70.2539
1/17/08,85.6023,80.7636
1/18/08,77.5006,79.8497
1/22/08,73.8745,78.9925
1/23/08,59.2462,70.2071
1/24/08,39.8073,57.6427
1/25/08,41.522,46.8585
1/28/08,45.9658,42.4317
1/29/08,61.7284,49.7387
1/30/08,64.7801,57.4915
1/31/08,74.6537,67.0541
2/1/08,83.5894,74.3411
2/4/08,77.1031,78.4487
2/5/08,70.902,77.1982
2/6/08,48.7289,65.578
2/7/08,34.1162,51.249
2/8/08,18.3868,33.744
2/11/08,26.4993,26.3341
2/12/08,36.8461,27.2441
2/13/08,27.8253,30.3902
2/14/08,18.4921,27.7212
2/15/08,13.936,20.0845
2/19/08,15.6693,16.0325
2/20/08,19.7809,16.4621
2/21/08,36.7013,24.0505
2/22/08,53.2882,36.5901
2/25/08,49.6379,46.5425
2/26/08,46.0822,49.6694
2/27/08,45.7852,47.1684
2/28/08,72.7458,54.8711
2/29/08,83.2974,67.2761
3/3/08,90.1285,82.0572
3/4/08,72.8433,82.0897
3/5/08,43.5223,68.8314
3/6/08,20.6532,45.6729
3/7/08,11.4578,25.2111
3/10/08,13.2271,15.1127
3/11/08,11.0578,11.9142
3/12/08,27.6317,17.3055
3/13/08,25.7148,21.4681
3/14/08,30.1577,27.8347
3/17/08,24.0273,26.6333
3/18/08,33.1166,29.1005
3/19/08,48.1782,35.1074
3/20/08,59.9691,47.088
3/24/08,70.1444,59.4306
3/25/08,81.7624,70.6253
3/26/08,83.1748,78.3605
3/27/08,70.4975,78.4782
3/28/08,65.5859,73.0861
3/31/08,59.8335,65.3056
4/1/08,59.162,61.5271
4/2/08,46.3244,55.1067
4/3/08,37.525,47.6705
4/4/08,60.9112,48.2535
4/7/08,79.5076,59.3146
4/8/08,87.8751,76.098
4/9/08,71.8256,79.7361
4/10/08,52.7415,70.814
4/11/08,45.4889,56.6853
4/14/08,30.6707,42.967
4/15/08,23.9466,33.3688
4/16/08,10.4705,21.6959
4/17/08,17.4799,17.299
4/18/08,30.4636,19.4713
4/21/08,48.4535,32.1323
4/22/08,53.9302,44.2824
4/23/08,57.8008,53.3949
4/24/08,57.113,56.2814
4/25/08,57.4796,57.4645
4/28/08,67.797,60.7965
4/29/08,74.5995,66.6254
4/30/08,92.7813,78.3926
5/1/08,90.5175,85.9661
5/2/08,80.8131,88.0373
5/5/08,62.392,77.9075
5/6/08,31.3225,58.1759
5/7/08,27.3702,40.3616
5/8/08,32.7441,30.4789
5/9/08,59.9522,40.0222
5/12/08,67.6755,53.4573
5/13/08,56.6284,61.4187
5/14/08,37.4008,53.9016
5/15/08,39.1751,44.4014
5/16/08,49.0968,41.8909
5/19/08,62.5621,50.278
5/20/08,62.8282,58.1623
5/21/08,49.4583,58.2829
5/22/08,32.484,48.2568
5/23/08,22.3161,34.7528
5/27/08,19.2037,24.6679
5/28/08,15.5916,19.0371
5/29/08,5.2548,13.35
5/30/08,11.636,10.8275
6/2/08,22.6921,13.1943
6/3/08,46.0808,26.803
6/4/08,55.7307,41.5012
6/5/08,50.6969,50.8361
6/6/08,43.4409,49.9561
6/9/08,36.2903,43.476
6/10/08,33.4728,37.7347
6/11/08,25.0908,31.618
6/12/08,13.6912,24.0849
6/13/08,10.8366,16.5395
6/16/08,8.0358,10.8545
6/17/08,21.3618,13.4114
6/18/08,52.2417,27.2131
6/19/08,64.4805,46.028
6/20/08,69.6391,62.1204
6/23/08,49.1774,61.099
6/24/08,39.5743,52.7969
6/25/08,43.06,43.9373
6/26/08,49.8807,44.1717
6/27/08,56.9306,49.9571
6/30/08,45.0734,50.6282
7/1/08,28.2312,43.4117
7/2/08,14.3134,29.206
7/3/08,6.536,16.3602
7/7/08,18.587,13.1455
7/8/08,48.9111,24.678
7/9/08,73.9285,47.1422
7/10/08,74.5958,65.8118
7/11/08,43.5957,64.04
7/14/08,18.8186,45.6701
7/15/08,10.9368,24.4504
7/16/08,11.8172,13.8575
7/17/08,14.6797,12.4779
7/18/08,11.6489,12.7153
7/21/08,15.0558,13.7948
7/22/08,29.3789,18.6945
7/23/08,43.5669,29.3339
7/24/08,70.4271,47.791
7/25/08,71.1956,61.7299
7/28/08,81.5236,74.3821
7/29/08,70.9149,74.5447
7/30/08,81.2221,77.8868
7/31/08,86.6275,79.5882
8/1/08,77.9236,81.9244
8/4/08,60.8747,75.1419
8/5/08,29.2958,56.0313
8/6/08,21.2162,37.1289
8/7/08,38.7997,29.7705
8/8/08,69.6949,43.2369
8/11/08,80.4932,62.9959
8/12/08,79.6945,76.6275
8/13/08,62.8919,74.3599
8/14/08,69.7683,70.7849
8/15/08,68.8905,67.1835
8/18/08,84.8953,74.518
8/19/08,87.3479,80.3779
8/20/08,82.9831,85.0755
8/21/08,54.1615,74.8308
8/22/08,42.8062,59.9836
8/25/08,47.8925,48.2867
8/26/08,76.0976,55.5988
8/27/08,89.3177,71.1026
8/28/08,85.7809,83.7321
8/29/08,76.101,83.7332
9/2/08,68.8174,76.8998
9/3/08,66.4422,70.4535
9/4/08,70.22,68.4932
9/5/08,71.3126,69.3249
9/8/08,69.858,70.4635
9/9/08,71.5715,70.9141
9/10/08,74.3735,71.9343
9/11/08,59.2717,68.4056
9/12/08,36.9218,56.8557
9/15/08,23.4268,39.8735
9/16/08,21.6651,27.3379
9/17/08,24.593,23.2283
9/18/08,24.5157,23.5913
9/19/08,35.2458,28.1182
9/22/08,47.4433,35.7349
9/23/08,63.5801,48.7564
9/24/08,70.2467,60.4234
9/25/08,60.9867,64.9378
9/26/08,47.5712,59.6016
9/29/08,28.1293,45.5624
9/30/08,41.4916,39.064
10/1/08,55.0364,41.5524
10/2/08,75.4575,57.3285
10/3/08,80.2043,70.2327
10/6/08,72.651,76.1043
10/7/08,72.154,75.0031
10/8/08,64.6114,69.8055
10/9/08,55.0743,63.9466
10/10/08,43.1503,54.2787
10/13/08,44.1204,47.4483
10/14/08,53.7111,46.9939
10/15/08,60.7207,52.8508
10/16/08,59.8859,58.1059
10/17/08,56.1134,58.9067
10/20/08,54.3986,56.7993
10/21/08,63.7988,58.1036
10/22/08,71.2218,63.1397
10/23/08,80.5211,71.8472
10/24/08,77.8177,76.5202
10/27/08,75.3161,77.885
10/28/08,63.2904,72.1414
10/29/08,62.7988,67.1351
10/30/08,63.018,63.0358
10/31/08,65.1235,63.6468
11/3/08,57.5103,61.8839
11/4/08,62.8601,61.8313
11/5/08,77.2281,65.8661
11/6/08,88.62,76.2361
11/7/08,87.9681,84.6054
11/10/08,80.4194,85.6692
11/11/08,70.608,79.6652
11/12/08,59.4155,70.1476
11/13/08,42.2248,57.4161
11/14/08,41.7117,47.784
11/17/08,53.1406,45.6923
11/18/08,75.7934,56.8819
11/19/08,85.2456,71.3932
11/20/08,78.6393,79.8928
11/21/08,66.942,76.9423
11/24/08,47.7708,64.4507
11/25/08,45.9906,53.5678
11/26/08,38.9356,44.2323
11/28/08,31.487,38.8044
12/1/08,35.11,35.1775
12/2/08,53.8048,40.1339
12/3/08,83.3822,57.4323
12/4/08,93.1049,76.764
12/5/08,88.0368,88.1746
12/8/08,82.9086,88.0168
12/9/08,84.7684,85.238
12/10/08,93.9709,87.216
12/11/08,97.4452,92.0615
12/12/08,98.0826,96.4995
12/15/08,97.1462,97.558
12/16/08,98.3359,97.8549
12/17/08,95.5093,96.9972
12/18/08,93.1642,95.6698
12/19/08,82.7272,90.4669
12/22/08,80.5358,85.4757
12/23/08,77.7034,80.3222
12/24/08,77.1891,78.4761
12/26/08,72.7902,75.8942
12/29/08,64.7223,71.5672
12/30/08,72.0243,69.8456
12/31/08,80.1471,72.2979
1/2/09,71.4373,74.5362
1/5/09,66.5147,72.6997
1/6/09,60.5393,66.1638
1/7/09,59.8904,62.3148
1/8/09,58.9454,59.7917
1/9/09,66.4783,61.7714
1/12/09,82.5011,69.3083
1/13/09,81.844,76.9411
1/14/09,62.6132,75.6528
1/15/09,54.1053,66.1875
1/16/09,50.3339,55.6841
1/20/09,37.7777,47.4056
1/21/09,26.318,38.1432
1/22/09,16.6372,26.911
1/23/09,19.8527,20.936
1/26/09,16.9911,17.827
1/27/09,33.1505,23.3314
1/28/09,55.5625,35.2347
1/29/09,68.8597,52.5242
1/30/09,66.1024,63.5082
2/2/09,47.968,60.9767
2/3/09,34.9572,49.6758
2/4/09,16.7282,33.2178
2/5/09,8.8792,20.1882
2/6/09,17.8871,14.4982
2/9/09,34.8766,20.5476
2/10/09,62.3708,38.3782
2/11/09,77.532,58.2598
2/12/09,83.9044,74.6024
2/13/09,69.998,77.1448
2/17/09,63.3629,72.4217
2/18/09,45.389,59.5833
2/19/09,38.8444,49.1988
2/20/09,27.4424,37.2253
2/23/09,23.507,29.9313
2/24/09,17.954,22.9678
2/25/09,12.4869,17.9826
2/26/09,6.6184,12.3531
2/27/09,5.3676,8.1576
3/2/09,6.0496,6.0119
3/3/09,8.7391,6.7188
3/4/09,11.1852,8.658
3/5/09,11.6836,10.536
3/6/09,18.9267,13.9318
3/9/09,15.3341,15.3148
3/10/09,22.8694,19.0434
3/11/09,25.8735,21.359
3/12/09,37.7715,28.8381
3/13/09,51.2054,38.2835
3/16/09,69.4968,52.8246
3/17/09,83.4693,68.0572
3/18/09,83.4286,78.7982
3/19/09,68.5857,78.4945
3/20/09,51.9642,67.9929
3/23/09,36.8664,52.4721
3/24/09,25.722,38.1842
3/25/09,17.3347,26.641
3/26/09,13.7106,18.9224
3/27/09,26.3205,19.1219
3/30/09,47.3166,29.1159
3/31/09,72.9329,48.8567
4/1/09,75.0823,65.1106
4/2/09,65.2389,71.0847
4/3/09,34.5705,58.2972
4/6/09,18.067,39.2921
4/7/09,13.3755,22.0043
4/8/09,39.5144,23.6523
4/9/09,65.2644,39.3848
4/13/09,90.2946,65.0245
4/14/09,94.7862,83.4484
4/15/09,98.873,94.6513
4/16/09,99.462,97.7071
4/17/09,95.0575,97.7975
4/20/09,79.7685,91.4293
4/21/09,67.377,80.7343
4/22/09,55.1662,67.4372
4/23/09,51.8946,58.146
4/24/09,49.8106,52.2905
4/27/09,52.8849,51.5301
4/28/09,45.7052,49.4669
4/29/09,46.0856,48.2253
4/30/09,43.3901,45.0603
5/1/09,49.1304,46.2021
5/4/09,49.2308,47.2504
5/5/09,59.7436,52.7016
5/6/09,77.6472,62.2072
5/7/09,69.0831,68.8246
5/8/09,63.1739,69.968
5/11/09,57.2148,63.1573
5/12/09,74.8455,65.0781
5/13/09,75.2202,69.0935
5/14/09,73.4166,74.4941
5/15/09,67.8245,72.1537
5/18/09,58.9741,66.7384
5/19/09,61.4259,62.7415
5/20/09,69.0858,63.1619
5/21/09,62.442,64.3179
5/22/09,41.739,57.7556
5/26/09,16.656,40.279
5/27/09,13.1441,23.8464
5/28/09,15.5601,15.1201
5/29/09,41.3994,23.3679
6/1/09,61.6673,39.5423
6/2/09,82.0646,61.7105
6/3/09,80.1376,74.6232
6/4/09,79.9821,80.7281
6/5/09,62.1943,74.1047
6/8/09,38.4942,60.2235
6/9/09,34.7905,45.1596
6/10/09,40.2654,37.85
6/11/09,58.4624,44.5061
6/12/09,68.8681,55.8653
6/15/09,80.52,69.2835
6/16/09,78.6171,76.0017
6/17/09,72.4631,77.2001
6/18/09,47.5602,66.2135
6/19/09,40.6969,53.5734
6/22/09,38.2931,42.1834
6/23/09,69.1542,49.3814
6/24/09,78.6819,62.0431
6/25/09,90.5092,79.4484
6/26/09,89.052,86.081
6/29/09,92.599,90.7201
6/30/09,85.8324,89.1611
7/1/09,66.1769,81.5361
7/2/09,50.6458,67.5517
7/6/09,43.1197,53.3141
7/7/09,40.1524,44.6393
7/8/09,59.9848,47.7523
7/9/09,74.8879,58.3417
7/10/09,98.968,77.9469
7/13/09,96.8553,90.2371
7/14/09,87.9143,94.5792
7/15/09,58.4358,81.0685
7/16/09,47.7483,64.6994
7/17/09,35.8277,47.3372
7/20/09,53.8906,45.8222
7/21/09,67.0369,52.2517
7/22/09,80.554,67.1605
7/23/09,82.2237,76.6049
7/24/09,77.0691,79.949
7/27/09,70.8946,76.7291
7/28/09,71.5592,73.1743
7/29/09,77.1846,73.2128
7/30/09,87.1168,78.6202
7/31/09,94.8646,86.3887
8/3/09,78.7697,86.917
8/4/09,57.5615,77.0652
8/5/09,30.2063,55.5125
8/6/09,14.7828,34.1835
8/7/09,15.364,20.1177
8/10/09,26.8111,18.986
8/11/09,54.6458,32.2736
8/12/09,57.4175,46.2915
8/13/09,72.1541,61.4058
8/14/09,68.0067,65.8594
8/17/09,84.6599,74.9402
8/18/09,77.3946,76.6871
8/19/09,77.5618,79.8721
8/20/09,78.7797,77.912
8/21/09,73.7879,76.7098
8/24/09,78.5897,77.0524
8/25/09,72.8858,75.0878
8/26/09,87.4298,79.6351
8/27/09,79.8314,80.049
8/28/09,88.682,85.3144
8/31/09,88.6903,85.7346
9/1/09,70.991,82.7878
9/2/09,52.9542,70.8785
9/3/09,39.3177,54.4209
9/4/09,55.641,49.3043
9/8/09,57.2884,50.749
9/9/09,53.4354,55.455
9/10/09,58.9078,56.5439
9/11/09,73.3003,61.8812
9/14/09,80.8854,71.0312
9/15/09,76.4957,76.8938
9/16/09,72.6496,76.6769
9/17/09,82.4234,77.1896
9/18/09,70.2628,75.1119
9/21/09,61.4429,71.3764
9/22/09,55.4001,62.3686
9/23/09,72.5108,63.1179
9/24/09,82.104,70.0049
9/25/09,87.9268,80.8472
9/28/09,93.9453,87.992
9/29/09,88.992,90.288
9/30/09,73.5145,85.4839
10/1/09,44.7645,69.0903
10/2/09,23.4937,47.2576
10/5/09,14.7828,27.6803
10/6/09,16.4987,18.2584
10/7/09,34.8492,22.0436
10/8/09,40.0917,30.4799
10/9/09,37.1258,37.3556
10/12/09,28.435,35.2175
10/13/09,29.1503,31.5704
10/14/09,32.1895,29.925
10/15/09,31.1714,30.8371
10/16/09,31.7233,31.6948
10/19/09,51.2482,38.0476
10/20/09,68.8525,50.608
10/21/09,74.322,64.8075
10/22/09,79.0256,74.0667
10/23/09,68.0568,73.8015
10/26/09,49.119,65.4005
10/27/09,47.3467,54.8409
10/28/09,38.8606,45.1088
10/29/09,49.4085,45.2053
10/30/09,53.913,47.3941
11/2/09,63.1543,55.492
11/3/09,56.8627,57.9767
11/4/09,38.7966,52.9379
11/5/09,38.1979,44.6191
11/6/09,64.3021,47.0988
11/9/09,78.3102,60.2701
11/10/09,84.4257,75.6793
11/11/09,78.3651,80.367
11/12/09,75.0157,79.2689
11/13/09,85.1852,79.522
11/16/09,92.5926,84.2645
11/17/09,100,92.5926
11/18/09,90.0749,94.2225
11/19/09,79.8343,89.9697
11/20/09,49.8343,73.2478
11/23/09,38.4843,56.0509
11/24/09,37.1418,41.8201
11/25/09,66.1542,47.2601
11/27/09,85.701,62.999
11/30/09,97.2842,83.0465
12/1/09,72.8871,85.2908
12/2/09,48.7487,72.9733
12/3/09,22.0821,47.906
12/4/09,20.0381,30.2896
12/7/09,19.6753,20.5985
12/8/09,37.2052,25.6395
12/9/09,34.7018,30.5274
12/10/09,38.0327,36.6465
12/11/09,16.673,29.8025
12/14/09,29.8201,28.1753
12/15/09,19.3853,21.9595
12/16/09,31.2005,26.802
12/17/09,46.4872,32.3577
12/18/09,65.6963,47.7947
12/21/09,55.8465,56.01
12/22/09,28.745,50.0959
12/23/09,20.7786,35.1234
12/24/09,17.5542,22.3593
12/28/09,17.9161,18.7496
12/29/09,14.4444,16.6382
12/30/09,24.6036,18.988
12/31/09,29.8062,22.9514
1/4/10,53.0352,35.815
1/5/10,69.7185,50.8533
1/6/10,81.6426,68.1321
1/7/10,75.4442,75.6018
1/8/10,74.3511,77.146
1/11/10,80.7003,76.8319
1/12/10,85.6176,80.223
1/13/10,68.9741,78.4307
1/14/10,66.383,73.6582
1/15/10,55.8308,63.7293
1/19/10,68.0637,63.4259
1/20/10,61.131,61.6752
1/21/10,61.6976,63.6308
1/22/10,54.2476,59.0254
1/25/10,50.4,55.4484
1/26/10,32.932,45.8599
1/27/10,22.6178,35.3166
1/28/10,10.2579,21.9359
1/29/10,18.009,16.9616
2/1/10,15.7211,14.6626
2/2/10,26.9836,20.2379
2/3/10,27.5441,23.4162
2/4/10,34.9359,29.8212
2/5/10,28.5853,30.3551
2/8/10,29.7731,31.0981
2/9/10,22.4578,26.9387
2/10/10,16.6926,22.9745
2/11/10,13.8168,17.6558
2/12/10,22.8854,17.7983
2/16/10,42.9575,26.5533
2/17/10,52.812,39.5517
2/18/10,58.58,51.4499
2/19/10,67.6023,59.6648
2/22/10,82.1922,69.4582
2/23/10,96.4657,82.0867
2/24/10,97.6068,92.0882
2/25/10,91.2141,95.0956
2/26/10,91.851,93.5573
3/1/10,84.6896,89.2516
3/2/10,87.1219,87.8875
3/3/10,87.7671,86.5262
3/4/10,92.3766,89.0885
3/5/10,87.9121,89.3519
3/8/10,85.443,88.5772
3/9/10,81.1247,84.8266
3/10/10,86.2633,84.277
3/11/10,83.5681,83.652
3/12/10,88.8171,86.2161
3/15/10,88.2783,86.8878
3/16/10,93.4426,90.1793
3/17/10,94.6437,92.1215
3/18/10,91.7037,93.2633
3/19/10,81.7169,89.3548
3/22/10,77.0815,83.5007
3/23/10,65.9518,74.9167
3/24/10,48.4254,63.8196
3/25/10,25.1924,46.5232
3/26/10,20.3129,31.3102
3/29/10,23.1884,22.8979
3/30/10,34.7886,26.0966
3/31/10,47.1734,35.0501
4/1/10,49.5888,43.8503
4/5/10,36.6026,44.4549
4/6/10,21.5145,35.902
4/7/10,29.5117,29.2096
4/8/10,46.2477,32.4246
4/9/10,59.6041,45.1212
4/12/10,68.701,58.1843
4/13/10,81.7405,70.0152
4/14/10,86.9888,79.1434
4/15/10,87.3122,85.3472
4/16/10,81.7131,85.3381
4/19/10,69.6466,79.5573
4/20/10,63.3403,71.5667
4/21/10,64.9133,65.9667
4/22/10,65.7092,64.6543
4/23/10,57.833,62.8185
4/26/10,44.6044,56.0489
4/27/10,40.7413,47.7262
4/28/10,45.4892,43.6116
4/29/10,60.5153,48.9153
4/30/10,76.7574,60.9207
5/3/10,74.201,70.4913
5/4/10,64.003,71.6538
5/5/10,46.5996,61.6012
5/6/10,45.381,51.9945
5/7/10,43.7221,45.2342
5/10/10,56.3025,48.4685
5/11/10,65.2774,55.1006
5/12/10,74.4149,65.3316
5/13/10,83.8118,74.5014
5/14/10,79.3654,79.1974
5/17/10,74.5254,79.2342
5/18/10,69.8184,74.5697
5/19/10,76.3277,73.5572
5/20/10,70.621,72.2557
5/21/10,55.0231,67.3239
5/24/10,49.2272,58.2904
5/25/10,37.0717,47.1073
5/26/10,36.3448,40.8812
5/27/10,21.425,31.6138
5/28/10,18.8034,25.5244
6/1/10,8.9345,16.3877
6/2/10,14.0543,13.9307
6/3/10,14.5892,12.526
6/4/10,34.324,20.9892
6/7/10,54.6479,34.5204
6/8/10,79.6736,56.2152
6/9/10,87.1953,73.8389
6/10/10,71.4953,79.4547
6/11/10,67.3401,75.3436
6/14/10,54.5041,64.4465
6/15/10,50.0899,57.3114
6/16/10,45.9039,50.166
6/17/10,61.2558,52.4165
6/18/10,79.0116,62.0571
6/21/10,92.5466,77.6047
6/22/10,94.1164,88.5582
6/23/10,97.7923,94.8184
6/24/10,87.2795,93.0627
6/25/10,80.8099,88.6272
6/28/10,80.858,82.9825
6/29/10,85.1137,82.2605
6/30/10,92.3323,86.1013
7/1/10,84.682,87.376
7/2/10,62.6995,79.9046
7/6/10,49.8481,65.7432
7/7/10,48.3413,53.6297
7/8/10,56.2249,51.4714
7/9/10,42.9719,49.1794
7/12/10,29.5886,42.9285
7/13/10,30.8643,34.4749
7/14/10,53.0928,37.8486
7/15/10,73.0853,52.3475
7/16/10,84.0684,70.0822
7/19/10,78.7245,78.6261
7/20/10,74.4618,79.0849
7/21/10,83.0865,78.7576
7/22/10,84.3897,80.646
7/23/10,89.6142,85.6968
7/26/10,88.7912,87.5984
7/27/10,79.6536,86.0196
7/28/10,79.4302,82.625
7/29/10,74.6977,77.9271
7/30/10,88.3621,80.83
8/2/10,68.7382,77.266
8/3/10,59.6045,72.2349
8/4/10,30.4186,52.9204
8/5/10,27.4476,39.1569
8/6/10,38.9111,32.2591
8/9/10,70.6738,45.6775
8/10/10,91.3541,66.9797
8/11/10,86.1849,82.7376
8/12/10,59.3464,78.9618
8/13/10,50.7955,65.4423
8/16/10,57.1422,55.7614
8/17/10,79.2381,62.3919
8/18/10,88.5286,74.9696
8/19/10,82.7339,83.5002
8/20/10,79.8046,83.689
8/23/10,82.2068,81.5818
8/24/10,84.5878,82.1997
8/25/10,88.6125,85.1357
8/26/10,87.5777,86.926
8/27/10,61.684,79.2914
8/30/10,55.4096,68.2238
8/31/10,56.5546,57.8827
9/1/10,60.4105,57.4582
9/2/10,42.8504,53.2718
9/3/10,11.9925,38.4178
9/7/10,18.7642,24.5357
9/8/10,26.9038,19.2202
9/9/10,31.7155,25.7945
9/10/10,29.9691,29.5295
9/13/10,31.4373,31.0406
9/14/10,56.5785,39.3283
9/15/10,71.7086,53.2415
9/16/10,73.1638,67.1503
9/17/10,66.0604,70.311
9/20/10,69.2852,69.5032
9/21/10,83.8682,73.0713
9/22/10,87.5577,80.237
9/23/10,84.6495,85.3585
9/24/10,72.9096,81.7056
9/27/10,76.5544,78.0378
9/28/10,74.8255,74.7632
9/29/10,77.3495,76.2431
9/30/10,76.5537,76.2429
10/1/10,76.7597,76.8876
10/4/10,81.4982,78.2705
10/5/10,79.3034,79.1871
10/6/10,82.9878,81.2631
10/7/10,85.047,82.446
10/8/10,74.4753,80.8367
10/11/10,63.3003,74.2742
10/12/10,37.648,58.4745
10/13/10,30.3929,43.7804
10/14/10,13.5342,27.1917
10/15/10,10.9198,18.2823
10/18/10,12.483,12.3123
10/19/10,26.3358,16.5795
10/20/10,46.8809,28.5665
10/21/10,52.8202,42.0123
10/22/10,55.2012,51.6341
10/25/10,58.5877,55.5364
10/26/10,42.9316,52.2402
10/27/10,27.065,42.8614
10/28/10,15.9333,28.6433
10/29/10,32.2667,25.0883
11/1/10,39.8916,29.3639
11/2/10,54.5641,42.2408
11/3/10,43.862,46.1059
11/4/10,66.6578,55.028
11/5/10,61.9552,57.4917
11/8/10,77.9721,68.8617
11/9/10,50.5905,63.5059
11/10/10,40.5656,56.3761
11/11/10,22.8919,38.016
11/12/10,19.4435,27.6337
11/15/10,6.6984,16.3446
11/16/10,9.5544,11.8987
11/17/10,18.9318,11.7282
11/18/10,32.0563,20.1809
11/19/10,54.0037,34.9973
11/22/10,77.2162,54.4254
11/23/10,92.7467,74.6555
11/24/10,72.5517,80.8382
11/26/10,47.5912,70.9632
11/29/10,29.7132,49.952
11/30/10,25.3133,34.2059
12/1/10,24.8781,26.6348
12/2/10,19.4125,23.2013
12/3/10,13.6054,19.2986
12/6/10,20.205,17.741
12/7/10,23.6246,19.145
12/8/10,32.6208,25.4835
12/9/10,31.696,29.3138
12/10/10,29.4121,31.243
12/13/10,33.386,31.498
12/14/10,30.4382,31.0788
12/15/10,25.7352,29.8531
12/16/10,27.5788,27.9174
12/17/10,48.803,34.039
12/20/10,74.0153,50.1324
12/21/10,88.7823,70.5336
12/22/10,86.2319,83.0099
12/23/10,86.0983,87.0375
12/27/10,85.1944,85.8415
12/28/10,58.1814,76.4914
12/29/10,52.1918,65.1892
12/30/10,44.7357,51.703
12/31/10,69.5564,55.4947
1/3/11,81.475,65.2557
1/4/11,89.7432,80.2582
1/5/11,74.2833,81.8338
1/6/11,51.7554,71.9273
1/7/11,47.0476,57.6955
1/10/11,66.2698,55.0243
1/11/11,85.2124,66.1766
1/12/11,85.7222,79.0682
1/13/11,88.2354,86.39
1/14/11,72.3264,82.0947
1/18/11,61.1062,73.8893
1/19/11,40.3016,57.9114
1/20/11,38.7864,46.7314
1/21/11,39.0355,39.3745
1/24/11,46.8196,41.5472
1/25/11,65.9331,50.5961
1/26/11,68.0213,60.258
1/27/11,63.915,65.9565
1/28/11,50.5195,60.8186
1/31/11,38.9579,51.1308
2/1/11,27.7778,39.085
2/2/11,13.6167,26.7841
2/3/11,8.4257,16.6067
2/4/11,7.2801,9.7742
2/7/11,13.1673,9.6244
2/8/11,14.0282,11.4919
2/9/11,35.5819,20.9258
2/10/11,34.4415,28.0172
2/11/11,63.8674,44.6303
2/14/11,65.8001,54.703
2/15/11,91.0875,73.585
2/16/11,82.9294,79.939
2/17/11,81.2561,85.091
2/18/11,78.5741,80.9199
2/22/11,82.1679,80.666
2/23/11,76.4353,79.0591
2/24/11,68.9829,75.862
2/25/11,75.4601,73.6261
2/28/11,89.0965,77.8465
3/1/11,84.4541,83.0036
3/2/11,51.89,75.1469
3/3/11,19.8639,52.0694
3/4/11,11.5468,27.7669
3/7/11,17.4465,16.2858
3/8/11,18.7256,15.9063
3/9/11,38.1663,24.7795
3/10/11,63.0575,39.9831
3/11/11,85.0982,62.1073
3/14/11,81.1123,76.4227
3/15/11,74.9367,80.3824
3/16/11,73.2489,76.4326
3/17/11,66.0476,71.4111
3/18/11,60.6536,66.65
3/21/11,48.4202,58.3738
3/22/11,42.2833,50.4524
3/23/11,41.3825,44.0287
3/24/11,33.041,38.9023
3/25/11,24.9858,33.1364
3/28/11,17.0798,25.0355
3/29/11,16.1863,19.4173
3/30/11,25.9375,19.7345
3/31/11,18.6157,20.2465
4/1/11,36.0505,26.8679
4/4/11,49.5939,34.7534
4/5/11,78.3463,54.6636
4/6/11,80.8694,69.6032
4/7/11,69.9405,76.3854
4/8/11,43.5006,64.7702
4/11/11,28.1754,47.2055
4/12/11,36.5087,36.0616
4/13/11,61.4063,42.0301
4/14/11,71.9697,56.6282
4/15/11,77.2727,70.2162
4/18/11,76.3175,75.1866
4/19/11,88.5397,80.71
4/20/11,88.4627,84.44
4/21/11,84.5535,87.1853
4/25/11,84.3196,85.7786
4/26/11,86.4269,85.1
4/27/11,87.8082,86.1849
4/28/11,91.5157,88.5836
4/29/11,92.2233,90.5158
5/2/11,91.8402,91.8597
5/3/11,83.2277,89.0971
5/4/11,75.412,83.4933
5/5/11,79.0477,79.2291
5/6/11,81.1544,78.538
5/9/11,84.6526,81.6182
5/10/11,61.0616,75.6228
5/11/11,50.0197,65.2446
5/12/11,28.7473,46.6095
5/13/11,43.404,40.7237
5/16/11,59.7038,43.9517
5/17/11,80.482,61.1966
5/18/11,79.4003,73.1954
5/19/11,70.7664,76.8829
5/20/11,61.917,70.6946
5/23/11,58.5271,63.7368
5/24/11,58.1395,59.5279
5/25/11,52.4852,56.3839
5/26/11,67.9823,59.5357
5/27/11,79.2226,66.5633
5/31/11,92.9971,80.0673
6/1/11,84.3452,85.5216
6/2/11,51.5021,76.2815
6/3/11,30.5714,55.4729
6/6/11,10.7377,30.9371
6/7/11,22.6613,21.3235
6/8/11,41.5086,24.9692
6/9/11,50.7471,38.3057
6/10/11,45.8333,46.0297
6/13/11,32.3825,42.9876
6/14/11,23.3665,33.8608
6/15/11,41.4806,32.4099
6/16/11,51.4557,38.7676
6/17/11,71.1837,54.7066
6/20/11,70.0422,64.2272
6/21/11,71.308,70.8446
6/22/11,74.0682,71.8061
6/23/11,77.1677,74.1813
6/24/11,79.8474,77.0278
6/27/11,65.9128,74.3093
6/28/11,40.4386,62.0663
6/29/11,17.7718,41.3744
6/30/11,14.6978,24.3028
7/1/11,17.8534,16.7744
7/5/11,31.1838,21.245
7/6/11,53.4534,34.1636
7/7/11,79.2897,54.6423
7/8/11,94.5578,75.767
7/11/11,95.1177,89.655
7/12/11,93.1708,94.2821
7/13/11,93.9652,94.0845
7/14/11,76.9296,88.0219
7/15/11,62.9176,77.9375
7/18/11,34.1885,58.0119
7/19/11,40.3735,45.8265
7/20/11,41.307,38.623
7/21/11,47.3802,43.0202
7/22/11,55.4582,48.0485
7/25/11,45.8874,49.5753
7/26/11,60.7369,54.0275
7/27/11,43.3152,49.9799
7/28/11,58.1395,54.0639
7/29/11,65.2263,55.5604
8/1/11,76.5804,66.6488
8/2/11,88.2996,76.7021
8/3/11,82.4397,82.4399
8/4/11,90.2725,87.0039
8/5/11,64.7592,79.1571
8/8/11,38.8516,64.6278
8/9/11,20.2651,41.292
8/10/11,38.0737,32.3968
8/11/11,42.1284,33.4891
8/12/11,48.3975,42.8665
8/15/11,44.3393,44.9551
8/16/11,66.0978,52.9449
8/17/11,76.779,62.4054
8/18/11,82.7897,75.2222
8/19/11,78.6159,79.3948
8/22/11,61.1957,74.2004
8/23/11,37.1787,58.9967
8/24/11,16.9929,38.4558
8/25/11,12.4798,22.2171
8/26/11,17.3277,15.6001
8/29/11,33.1401,20.9825
8/30/11,55.9494,35.4724
8/31/11,74.5646,54.5514
9/1/11,77.4554,69.3231
9/2/11,75.5404,75.8535
9/6/11,73.775,75.5903
9/7/11,81.4764,76.9306
9/8/11,79.561,78.2708
9/9/11,80.7162,80.5845
9/12/11,61.6982,73.9918
9/13/11,44.134,62.1828
9/14/11,25.8703,43.9008
9/15/11,20.7431,30.2491
9/16/11,16.6824,21.0986
9/19/11,37.2463,24.8906
9/20/11,60.3073,38.0787
9/21/11,84.0384,60.5307
9/22/11,84.0941,76.1466
9/23/11,61.5973,76.5766
9/26/11,38.5166,61.4027
9/27/11,15.3128,38.4756
9/28/11,14.1661,22.6652
9/29/11,10.1418,13.2069
9/30/11,20.8001,15.036
10/3/11,34.0237,21.6552
10/4/11,39.752,31.5253
10/5/11,40.8705,38.2154
10/6/11,32.8202,37.8142
10/7/11,33.0587,35.5831
10/10/11,29.12,31.6663
10/11/11,46.047,36.0753
10/12/11,67.1935,47.4535
10/13/11,82.5138,65.2515
10/14/11,83.8733,77.8602
10/17/11,75.9356,80.7742
10/18/11,74.4487,78.0859
10/19/11,77.3104,75.8982
10/20/11,88.5814,80.1135
10/21/11,93.5314,86.4744
10/24/11,97.2873,93.1333
10/25/11,97.046,95.9549
10/26/11,94.1694,96.1675
10/27/11,83.5027,91.5727
10/28/11,78.8775,85.5165
10/31/11,77.7105,80.0302
11/1/11,85.0985,80.5622
11/2/11,90.5346,84.4479
11/3/11,91.9902,89.2078
11/4/11,92.8207,91.7819
11/7/11,79.3835,88.0648
11/8/11,51.0949,74.433
11/9/11,21.2385,50.5723
11/10/11,8.1535,26.829
11/11/11,11.5887,13.6602
11/14/11,15.7321,11.8247
11/15/11,13.848,13.7229
11/16/11,12.6688,14.083
11/17/11,8.8611,11.7926
11/18/11,11.3779,10.9693
11/21/11,9.9653,10.0681
11/22/11,8.6008,9.9813
11/23/11,4.4794,7.6818
11/25/11,3.6876,5.5893
11/28/11,12.7785,6.9818
11/29/11,16.7922,11.0861
11/30/11,36.8258,22.1322
12/1/11,50.6707,34.7629
12/2/11,76.4144,54.6369
12/5/11,88.6446,71.9099
12/6/11,89.5815,84.8802
12/7/11,89.9744,89.4002
12/8/11,82.606,87.3873
12/9/11,64.2888,78.9564
12/12/11,36.8538,61.2495
12/13/11,28.8889,43.3438
12/14/11,48.4192,38.054
12/15/11,72.5357,49.948
12/16/11,87.0458,69.3336
12/19/11,93.8439,84.4751
12/20/11,92.7671,91.2189
12/21/11,76.1346,87.5819
12/22/11,73.4541,80.7853
12/23/11,56.04,68.5429
12/27/11,60.4523,63.3155
12/28/11,59.4731,58.6551
12/29/11,74.9939,64.9731
12/30/11,85.9247,73.4639
1/3/12,84.0274,81.6487
1/4/12,82.7177,84.2233
1/5/12,60.0004,75.5818
1/6/12,54.9235,65.8805
1/9/12,43.9201,52.948
1/10/12,64.75,54.5312
1/11/12,68.598,59.0894
1/12/12,78.3371,70.5617
1/13/12,74.2642,73.7331
1/17/12,81.8432,78.1482
1/18/12,80.1867,78.7647
1/19/12,74.0202,78.6834
1/20/12,45.3592,66.522
1/23/12,23.1099,47.4964
1/24/12,19.2012,29.2234
1/25/12,34.3698,25.5603
1/26/12,67.1251,40.2321
1/27/12,82.0527,61.1825
1/30/12,88.0532,79.077
1/31/12,85.1659,85.0906
2/1/12,83.2013,85.4735
2/2/12,88.9398,85.769
2/3/12,83.1682,85.1031
2/6/12,82.2928,84.8003
2/7/12,71.9752,79.1454
2/8/12,70.5738,74.9473
2/9/12,52.8756,65.1415
2/10/12,39.8603,54.4366
2/13/12,42.775,45.1703
2/14/12,59.6032,47.4128
2/15/12,70.1354,57.5045
2/16/12,56.1761,61.9715
2/17/12,35.5987,53.9701
2/21/12,17.4757,36.4168
2/22/12,28.9022,27.3255
2/23/12,55.6695,34.0158
2/24/12,83.3048,55.9588
2/27/12,91.7595,76.9113
2/28/12,88.7368,87.9337
2/29/12,91.0004,90.4989
3/1/12,71.6579,83.7984
3/2/12,50.4214,71.0266
3/5/12,25.0422,49.0405
3/6/12,16.9894,30.8176
3/7/12,13.2537,18.4284
3/8/12,14.0979,14.7803
3/9/12,19.8976,15.7498
3/12/12,19.4665,17.8207
3/13/12,18.0452,19.1364
3/14/12,8.8567,15.4562
3/15/12,6.1626,11.0215
3/16/12,9.0545,8.0246
3/19/12,14.0015,9.7395
3/20/12,19.0424,14.0328
3/21/12,37.8031,23.6157
3/22/12,56.9235,37.923
3/23/12,72.9497,55.8921
3/26/12,73.3708,67.748
3/27/12,80.7707,75.6971
3/28/12,83.9453,79.3623
3/29/12,87.877,84.1977
3/30/12,75.5151,82.4458
4/2/12,64.456,75.9494
4/3/12,35.253,58.4081
4/4/12,20.2418,39.9836
4/5/12,13.9665,23.1537
4/9/12,41.5904,25.2662
4/10/12,63.2745,39.6105
4/11/12,76.9332,60.5994
4/12/12,71.9804,70.7294
4/13/12,77.518,75.4772
4/16/12,81.357,76.9518
4/17/12,87.6617,82.1789
4/18/12,82.9752,83.998
4/19/12,81.3834,84.0068
4/20/12,72.5667,78.9751
4/23/12,66.8563,73.6021
4/24/12,46.4303,61.9511
4/25/12,47.7485,53.6784
4/26/12,52.6641,48.9477
4/27/12,80.177,60.1966
4/30/12,82.0472,71.6295
5/1/12,59.4254,73.8832
5/2/12,43.1066,61.5264
5/3/12,36.5769,46.3696
5/4/12,54.8387,44.8407
5/7/12,71.2026,54.2061
5/8/12,84.8455,70.2956
5/9/12,86.2188,80.7556
5/10/12,64.325,78.4631
5/11/12,59.3098,69.9512
5/14/12,57.684,60.4396
5/15/12,64.4481,60.4806
5/16/12,58.0492,60.0604
5/17/12,36.6004,53.0326
5/18/12,21.8023,38.8173
5/21/12,8.4563,22.2863
5/22/12,9.3161,13.1915
5/23/12,17.3114,11.6946
5/24/12,32.1301,19.5859
5/25/12,62.6335,37.3584
5/29/12,79.0051,57.9229
5/30/12,79.4074,73.682
5/31/12,80.2198,79.5441
6/1/12,87.5003,82.3758
6/4/12,76.9448,81.5549
6/5/12,46.4164,70.2872
6/6/12,17.9034,47.0882
6/7/12,16.0409,26.7869
6/8/12,36.5096,23.4846
6/11/12,57.4601,36.6702
6/12/12,64.0161,52.662
6/13/12,68.3793,63.2852
6/14/12,62.3724,64.9226
6/15/12,77.3099,69.3539
6/18/12,78.3428,72.6751
6/19/12,76.6228,77.4252
6/20/12,63.4246,72.7967
6/21/12,54.2654,64.7709
6/22/12,51.6765,56.4555
6/25/12,60.4884,55.4768
6/26/12,69.9829,60.7159
6/27/12,81.0615,70.5109
6/28/12,80.4919,77.1788
6/29/12,75.4569,79.0034
7/2/12,76.3304,77.4264
7/3/12,79.956,77.2478
7/5/12,85.7007,80.6623
7/6/12,90.3986,85.3518
7/9/12,90.2489,88.7827
7/10/12,85.8733,88.8403
7/11/12,77.6933,84.6052
7/12/12,80.8053,81.4573
7/13/12,86.2199,81.5728
7/16/12,92.7236,86.5829
7/17/12,89.0452,89.3296
7/18/12,90.4651,90.7446
7/19/12,88.8014,89.4372
7/20/12,88.1633,89.1433
7/23/12,75.3314,84.0987
7/24/12,63.6253,75.7067
7/25/12,60.4567,66.4711
7/26/12,73.0016,65.6945
7/27/12,72.6701,68.7095
7/30/12,72.7134,72.795
7/31/12,74.5817,73.3217
8/1/12,79.986,75.7604
8/2/12,78.7097,77.7591
8/3/12,56.4104,71.702
8/6/12,50.1619,61.7607
8/7/12,29.0222,45.1982
8/8/12,19.1837,32.7893
8/9/12,11.5504,19.9188
8/10/12,24.6942,18.4761
8/13/12,38.1367,24.7938
8/14/12,31.0005,31.2771
8/15/12,15.3405,28.1592
8/16/12,3.7974,16.7128
8/17/12,8.5501,9.2293
8/20/12,24.968,12.4385
8/21/12,52.7476,28.7552
8/22/12,79.7738,52.4965
8/23/12,93.659,75.3934
8/24/12,95.1493,89.5274
8/27/12,91.6664,93.4916
8/28/12,92.556,93.1239
8/29/12,74.6919,86.3048
8/30/12,61.842,76.3633
8/31/12,63.9827,66.8389
9/4/12,59.5215,61.7821
9/5/12,54.7368,59.4137
9/6/12,23.3161,45.8582
9/7/12,22.2347,33.4292
9/10/12,19.3392,21.63
9/11/12,28.9112,23.495
9/12/12,26.8347,25.0284
9/13/12,45.1354,33.6271
9/14/12,42.8649,38.2783
9/17/12,56.5234,48.1746
9/18/12,58.4799,52.6227
9/19/12,77.1139,64.0391
9/20/12,80.7455,72.1131
9/21/12,77.536,78.4651
9/24/12,79.4176,79.233
9/25/12,88.7941,81.9159
9/26/12,96.0988,88.1035
9/27/12,93.5008,92.7979
9/28/12,89.1798,92.9265
10/1/12,83.3046,88.6618
10/2/12,81.9944,84.8263
10/3/12,81.0867,82.1286
10/4/12,75.08,79.387
10/5/12,58.2328,71.4665
10/8/12,56.7949,63.3692
10/9/12,58.2009,57.7428
10/10/12,76.9068,63.9675
10/11/12,81.3326,72.1468
10/12/12,86.7626,81.6673
10/15/12,91.9711,86.6888
10/16/12,90.7398,89.8245
10/17/12,84.9722,89.2277
10/18/12,55.8929,77.2016
10/19/12,40.3175,60.3942
10/22/12,20.3475,38.8526
10/23/12,31.4952,30.7201
10/24/12,18.2512,23.3646
10/25/12,17.3191,22.3552
10/26/12,30.432,22.0007
10/31/12,58.2063,35.3191
11/1/12,70.4466,53.0283
11/2/12,49.1567,59.2699
11/5/12,28.1675,49.2569
11/6/12,15.9143,31.0795
11/7/12,18.3602,20.814
11/8/12,19.3247,17.8664
11/9/12,22.7372,20.1407
11/12/12,19.1184,20.3934
11/13/12,17.4923,19.7827
11/14/12,38.579,25.0633
11/15/12,46.3049,34.1254
11/16/12,54.6953,46.5264
11/19/12,60.7729,53.9244
11/20/12,60.9662,58.8115
11/21/12,59.35,60.3631
11/23/12,43.6198,54.6453
11/26/12,53.9028,52.2909
11/27/12,67.4766,54.9997
11/28/12,73.545,64.9748
11/29/12,73.3718,71.4645
11/30/12,61.8006,69.5725
12/3/12,53.8641,63.0122
12/4/12,48.8785,54.8478
12/5/12,61.5079,54.7502
12/6/12,71.7906,60.7257
12/7/12,67.5258,66.9415
12/10/12,47.9939,62.4368
12/11/12,24.8748,46.7982
12/12/12,12.4938,28.4542
12/13/12,7.871,15.0799
12/14/12,13.1925,11.1858
12/17/12,11.1875,10.7503
12/18/12,9.8819,11.4207
12/19/12,23.6498,14.9064
12/20/12,48.229,27.2536
12/21/12,75.5386,49.1391
12/24/12,82.8316,68.8664
12/26/12,73.9387,77.4363
12/27/12,72.6847,76.485
12/28/12,78.1863,74.9365
12/31/12,66.6096,72.4935
1/2/13,56.1421,66.9793
1/3/13,24.3664,49.0394
1/4/13,27.3128,35.9404
1/7/13,21.7856,24.4883
1/8/13,39.2756,29.458
1/9/13,52.5095,37.8569
1/10/13,67.2654,53.0168
1/11/13,80.9956,66.9235
1/14/13,74.3962,74.219
1/15/13,54.2063,69.866
1/16/13,29.1667,52.5897
1/17/13,24.8395,36.0708
1/18/13,30.9591,28.3217
1/22/13,37.9035,31.234
1/23/13,55.6236,41.4954
1/24/13,59.995,51.174
1/25/13,48.0447,54.5544
1/28/13,38.1435,48.7278
1/29/13,32.4573,39.5485
1/30/13,35.8362,35.479
1/31/13,28.3763,32.2233
2/1/13,16.0859,26.7661
2/4/13,20.3299,21.5974
2/5/13,16.7671,17.7276
2/6/13,33.9058,23.6676
2/7/13,42.3913,31.0214
2/8/13,69.5652,48.6208
2/11/13,81.9175,64.6247
2/12/13,85.1007,78.8612
2/13/13,58.5471,75.1884
2/14/13,54.2272,65.9583
2/15/13,54.8023,55.8588
2/19/13,66.4306,58.4867
2/20/13,69.365,63.5326
2/21/13,74.3217,70.0391
2/22/13,85.3866,76.3578
2/25/13,89.1452,82.9512
2/26/13,88.8624,87.7981
2/27/13,84.2483,87.4186
2/28/13,78.1202,83.7436
3/1/13,74.0113,78.7933
3/4/13,57.4859,69.8725
3/5/13,35.5911,55.6961
3/6/13,14.388,35.8216
3/7/13,6.0547,18.6779
3/8/13,4.7034,8.382
3/11/13,7.4093,6.0558
3/12/13,20.3403,10.8177
3/13/13,32.7088,20.1528
3/14/13,53.0421,35.3638
3/15/13,67.5621,51.1043
3/18/13,84.3557,68.32
3/19/13,88.3557,80.0912
3/20/13,78.2381,83.6499
3/21/13,65.381,77.3249
3/22/13,46.3295,63.3162
3/25/13,41.8617,51.1907
3/26/13,49.8411,46.0108
3/27/13,69.8925,53.8651
3/28/13,84.1104,67.948
4/1/13,61.6667,71.8899
4/2/13,35.4641,60.4137
4/3/13,32.1406,43.0905
4/4/13,60.3378,42.6475
4/5/13,85.9099,59.4628
4/8/13,93.5959,79.9479
4/9/13,91.9791,90.495
4/10/13,84.1942,89.9231
4/11/13,63.6458,79.9397
4/12/13,63.0377,70.2926
4/15/13,72.4875,66.3903
4/16/13,84.1954,73.2402
4/17/13,78.9272,78.5367
4/18/13,74.1222,79.0816
4/19/13,81.1465,78.0653
4/22/13,86.0041,80.4243
4/23/13,85.3157,84.1554
4/24/13,82.2486,84.5228
4/25/13,74.6843,80.7495
4/26/13,81.4961,79.4763
4/29/13,78.8075,78.3293
4/30/13,70.2619,76.8551
5/1/13,59.5306,69.5333
5/2/13,55.0115,61.6013
5/3/13,41.2112,51.9178
5/6/13,20.9319,39.0515
5/7/13,2.9009,21.6813
5/8/13,7.2958,10.3762
5/9/13,5.9535,5.3834
5/10/13,10.0218,7.757
5/13/13,6.7167,7.564
5/14/13,7.2722,8.0036
5/15/13,10.2134,8.0674
5/16/13,35.5556,17.6804
5/17/13,49.0351,31.6013
5/20/13,50.6433,45.078
5/21/13,46.4874,48.7219
5/22/13,32.7068,43.2792
5/23/13,31.0378,36.744
5/24/13,14.853,26.1992
5/28/13,14.7454,20.2121
5/29/13,8.3776,12.6587
5/30/13,7.8749,10.3326
5/31/13,13.0213,9.758
6/3/13,14.3718,11.756
6/4/13,8.7249,12.0393
6/5/13,4.5322,9.2096
6/6/13,11.6218,8.293
6/7/13,16.2635,10.8059
6/10/13,18.9999,15.6284
6/11/13,20.3142,18.5259
6/12/13,21.1762,20.1634
6/13/13,44.7505,28.747
6/14/13,59.8274,41.918
6/17/13,77.932,60.8366
6/18/13,68.0966,68.6187
6/19/13,42.0325,62.687
6/20/13,20.8854,43.6715
6/21/13,3.3775,22.0985
6/24/13,6.0683,10.1104
6/25/13,8.9764,6.1408
6/26/13,28.9309,14.6586
6/27/13,58.0912,31.9995
6/28/13,84.2585,57.0936
7/1/13,92.3063,78.2187
7/2/13,88.5326,88.3658
7/3/13,75.7109,85.5166
7/5/13,53.9886,72.7441
7/8/13,44.0128,57.9041
7/9/13,45.2458,47.7491
7/10/13,55.1444,48.1343
7/11/13,69.5708,56.6537
7/12/13,72.0655,65.5936
7/15/13,88.7861,76.8075
7/16/13,85.4393,82.097
7/17/13,89.9171,88.0475
7/18/13,76.3354,83.8973
7/19/13,79.2863,81.8463
7/22/13,84.9579,80.1932
7/23/13,92.5507,85.5983
7/24/13,71.6108,83.0398
7/25/13,49.7911,71.3175
7/26/13,36.7463,52.7161
7/29/13,34.7523,40.4299
7/30/13,41.5856,37.6947
7/31/13,53.3404,43.2261
8/1/13,46.6275,47.1845
8/2/13,43.2806,47.7495
8/5/13,23.3826,37.7636
8/6/13,28.0349,31.5661
8/7/13,37.5021,29.6399
8/8/13,57.5547,41.0306
8/9/13,75.5876,56.8814
8/12/13,75.0187,69.387
8/13/13,52.0009,67.5357
8/14/13,27.176,51.3985
8/15/13,5.6692,28.282
8/16/13,5.046,12.6304
8/19/13,4.1626,4.9593
8/20/13,12.6965,7.3017
8/21/13,11.802,9.5537
8/22/13,26.0615,16.8533
8/23/13,48.7838,28.8824
8/26/13,80.2809,51.7087
8/27/13,98.419,75.8279
8/28/13,98.1488,92.2829
8/29/13,98.2834,98.2837
8/30/13,91.3177,95.9166
9/3/13,72.1756,87.2589
9/4/13,45.2293,69.5742
9/5/13,22.0067,46.4705
9/6/13,12.7633,26.6664
9/9/13,19.5376,18.1025
9/10/13,20.0309,17.4439
9/11/13,39.5168,26.3618
9/12/13,44.126,34.5579
9/13/13,61.1471,48.2633
9/16/13,51.4316,52.2349
9/17/13,54.4261,55.6682
9/18/13,64.4066,56.7547
9/19/13,69.8744,62.9023
9/20/13,70.0571,68.1127
9/23/13,70.495,70.1421
9/24/13,82.3038,74.2853
9/25/13,94.3165,82.3717
9/26/13,89.914,88.8448
9/27/13,81.1789,88.4698
9/30/13,53.6324,74.9085
10/1/13,30.6917,55.1677
10/2/13,22.6585,35.6609
10/3/13,36.1175,29.8226
10/4/13,48.8704,35.8821
10/7/13,60.6546,48.5475
10/8/13,63.7252,57.7501
10/9/13,53.4261,59.2686
10/10/13,47.4874,54.8796
10/11/13,49.5673,50.1603
10/14/13,53.0408,50.0318
10/15/13,42.1941,48.2674
10/16/13,50.1288,48.4546
10/17/13,73.3668,55.2299
10/18/13,94.0634,72.5197
10/21/13,87.9428,85.1244
10/22/13,89.0312,90.3458
10/23/13,86.3682,87.7807
10/24/13,81.984,85.7945
10/25/13,69.4986,79.2836
10/28/13,55.9146,69.1324
10/29/13,61.5919,62.335
10/30/13,54.8205,57.4423
10/31/13,46.6364,54.3496
11/1/13,24.9233,42.1267
11/4/13,16.7007,29.4201
11/5/13,13.0985,18.2409
11/6/13,13.5557,14.4517
11/7/13,24.0212,16.8918
11/8/13,21.874,19.817
11/11/13,18.421,21.4387
11/12/13,6.2746,15.5232
11/13/13,15.8973,13.531
11/14/13,44.8644,22.3454
11/15/13,71.5622,44.108
11/18/13,95.0521,70.4929
11/19/13,86.8785,84.4976
11/20/13,61.2333,81.0546
11/21/13,43.1569,63.7562
11/22/13,46.3852,50.2585
11/25/13,73.5331,54.3584
11/26/13,90.5569,70.1584
11/27/13,96.486,86.8587
11/29/13,91.4192,92.8207
12/2/13,59.4499,82.4517
12/3/13,36.8178,62.5623
12/4/13,15.6525,37.3067
12/5/13,19.3495,23.9399
12/6/13,24.6221,19.8747
12/9/13,40.5991,28.1902
12/10/13,69.302,44.8411
12/11/13,77.4428,62.448
12/12/13,70.5908,72.4452
12/13/13,59.9308,69.3215
12/16/13,61.6493,64.057
12/17/13,79.8624,67.1475
12/18/13,80.4745,73.9954
12/19/13,72.3351,77.5573
12/20/13,71.5107,74.7734
12/23/13,70.8461,71.564
12/24/13,75.5065,72.6211
12/26/13,45.6796,64.0108
12/27/13,27.0141,49.4001
12/30/13,20.682,31.1252
12/31/13,23.7143,23.8035
1/2/14,47.8535,30.7499
1/3/14,59.1127,43.5602
1/6/14,84.4329,63.7997
1/7/14,83.1899,75.5785
1/8/14,62.9206,76.8478
1/9/14,47.1727,64.4277
1/10/14,50.6402,53.5778
1/13/14,75.7528,57.8552
1/14/14,82.5175,69.6368
1/15/14,75.3927,77.8877
1/16/14,71.384,76.4314
1/17/14,82.1966,76.3244
1/21/14,85.3387,79.6398
1/22/14,70.9591,79.4981
1/23/14,62.6854,72.9944
1/24/14,56.2419,63.2955
1/27/14,51.6735,56.8669
1/28/14,60.4167,56.1107
1/29/14,72.1262,61.4055
1/30/14,96.5107,76.3512
1/31/14,96.5107,88.3825
2/3/14,98.6338,97.2184
2/4/14,83.5294,92.8913
2/5/14,54.5144,78.8925
2/6/14,23.7708,53.9382
2/7/14,19.6575,32.6476
2/10/14,38.0244,27.1509
2/11/14,50.8161,36.166
2/12/14,40.6536,43.1647
2/13/14,43.3205,44.9301
2/14/14,61.5023,48.4922
2/18/14,86.6967,63.8398
2/19/14,84.7316,77.6435
2/20/14,64.3395,78.5893
2/21/14,51.1431,66.7381
2/24/14,44.8988,53.4605
2/25/14,65.291,53.7776
2/26/14,83.5317,64.5739
2/27/14,98.5317,82.4515
2/28/14,95.226,92.4298
3/3/14,90.1165,94.6247
3/4/14,57.9737,81.1054
3/5/14,29.4443,59.1782
3/6/14,4.8448,30.7543
3/7/14,8.4812,14.2568
3/10/14,7.4526,6.9262
3/11/14,5.9876,7.3071
3/12/14,23.1304,12.1902
3/13/14,53.889,27.669
3/14/14,73.8464,50.2886
3/17/14,70.5959,66.1104
3/18/14,66.0345,70.1589
3/19/14,45.7386,60.7897
3/20/14,34.6914,48.8215
3/21/14,30.8711,37.1004
3/24/14,57.9862,41.1829
3/25/14,81.544,56.8004
3/26/14,91.5255,77.0186
3/27/14,90.3339,87.8011
3/28/14,83.3968,88.4187
3/31/14,61.4533,78.3947
4/1/14,34.3339,59.728
4/2/14,13.209,36.3321
4/3/14,11.7097,19.7509
4/4/14,37.6783,20.8657
4/7/14,66.3557,38.5812
4/8/14,90.3039,64.7793
4/9/14,95.5801,84.0799
4/10/14,89.1678,91.6839
4/11/14,80.5258,88.4246
4/14/14,75.699,81.7975
4/15/14,80.5475,78.9241
4/16/14,85.618,80.6215
4/17/14,60.4989,75.5548
4/21/14,39.6384,61.9185
4/22/14,21.1215,40.4196
4/23/14,43.4754,34.7451
4/24/14,61.1709,41.9226
4/25/14,70.6156,58.4206
4/28/14,61.9413,64.5759
4/29/14,46.9606,59.8391
4/30/14,36.0749,48.3256
5/1/14,53.1566,45.3974
5/2/14,71.5323,53.5879
5/5/14,81.7901,68.8263
5/6/14,74.1404,75.8209
5/7/14,70.0368,75.3224
5/8/14,70.9488,71.7086
5/9/14,53.969,64.9848
5/12/14,32.6275,52.5151
5/13/14,32.584,39.7268
5/14/14,54.9395,40.0503
5/15/14,79.1558,55.5598
5/16/14,83.3828,72.4927
5/19/14,73.3553,78.6313
5/20/14,55.6079,70.782
5/21/14,36.8177,55.2603
5/22/14,22.232,38.2192
5/23/14,22.9276,27.3258
5/27/14,49.8938,31.6845
5/28/14,77.707,50.1761
5/29/14,87.1264,71.5758
5/30/14,73.4901,79.4412
6/2/14,41.0006,67.2057
6/3/14,20.5409,45.0105
6/4/14,1.1525,20.898
6/5/14,6.4869,9.3934
6/6/14,23.0097,10.2164
6/9/14,36.0273,21.8413
6/10/14,34.5499,31.1956
6/11/14,26.2566,32.2779
6/12/14,34.8515,31.886
6/13/14,57.0143,39.3741
6/16/14,74.0537,55.3065
6/17/14,54.2867,61.7849
6/18/14,60.7563,63.0322
6/19/14,46.2018,53.7483
6/20/14,63.8889,56.949
6/23/14,50,53.3636
6/24/14,72.2437,62.0442
6/25/14,78.8018,67.0152
6/26/14,89.4567,80.1674
6/27/14,82.6892,83.6492
6/30/14,78.1852,83.4437
7/1/14,48.3758,69.75
7/2/14,23.8113,50.1241
7/3/14,6.5313,26.2394
7/7/14,15.1303,15.1576
7/8/14,39.2746,20.312
7/9/14,65.2377,39.8809
7/10/14,82.303,62.2718
7/11/14,88.1419,78.5609
7/14/14,58.9749,76.4733
7/15/14,56.7992,67.972
7/16/14,55.0489,56.941
7/17/14,85.4041,65.7507
7/18/14,90.6073,77.0201
7/21/14,85.6643,87.2252
7/22/14,80.5642,85.6119
7/23/14,79.4736,81.9007
7/24/14,55.7274,71.9218
7/25/14,57.1309,64.1107
7/28/14,49.1228,53.9937
7/29/14,74.269,60.1742
7/30/14,53.2577,58.8832
7/31/14,38.6967,55.4078
8/1/14,29.161,40.3718
8/4/14,39.5625,35.8067
8/5/14,61.2101,43.3112
8/6/14,66.309,55.6939
8/7/14,80.5795,69.3662
8/8/14,73.39,73.4262
8/11/14,73.1227,75.6974
8/12/14,55.8198,67.4442
8/13/14,61.846,63.5962
8/14/14,67.1574,61.6077
8/15/14,76.0629,68.3554
8/18/14,63.8675,69.0293
8/19/14,50.2213,63.3839
8/20/14,29.6917,47.9268
8/21/14,31.6569,37.19
8/22/14,46.5186,35.9557
8/25/14,77.0482,51.7412
8/26/14,90.0433,71.2034
8/27/14,93.1328,86.7414
8/28/14,90.2228,91.133
8/29/14,92.36,91.9052
9/2/14,67.9561,83.513
9/3/14,48.5564,69.6242
9/4/14,18.4258,44.9794
9/5/14,13.6501,26.8774
9/8/14,3.5274,11.8677
9/9/14,3.1944,6.7906
9/10/14,3.2008,3.3075
9/11/14,2.2999,2.8984
9/12/14,2.643,2.7146
9/15/14,2.39,2.4443
9/16/14,4.6123,3.2151
9/17/14,5.5744,4.1922
9/18/14,15.5373,8.5747
9/19/14,45.3326,22.1481
9/22/14,74.5515,45.1405
9/23/14,96.1201,72.0014
9/24/14,87.7339,86.1352
9/25/14,87.4608,90.4383
9/26/14,76.5634,83.9194
9/29/14,73.7654,79.2632
9/30/14,69.5513,73.2933
10/1/14,75.4842,72.9336
10/2/14,82.7832,75.9396
10/3/14,89.2115,82.493
10/6/14,89.3301,87.1083
10/7/14,89.4586,89.3334
10/8/14,89.107,89.2986
10/9/14,83.2316,87.2657
10/10/14,75.9074,82.7487
10/13/14,69.0389,76.0593
10/14/14,78.453,74.4664
10/15/14,67.3397,71.6105
10/16/14,48.6928,64.8285
10/17/14,19.5274,45.1866
10/20/14,15.301,27.8404
10/21/14,13.1841,16.0041
10/22/14,16.0932,14.8594
10/23/14,20.4168,16.5647
10/24/14,27.5952,21.3684
10/27/14,40.8127,29.6082
10/28/14,34.3404,34.2494
10/29/14,25.5125,33.5552
10/30/14,9.4419,23.0983
10/31/14,27.1474,20.7006
11/3/14,34.0705,23.5533
11/4/14,45.7217,35.6466
11/5/14,35.8829,38.5584
11/6/14,26.7838,36.1295
11/7/14,44.7159,35.7942
11/10/14,40.9009,37.4669
11/11/14,47.173,44.2633
11/12/14,21.4241,36.4993
11/13/14,15.9198,28.1723
11/14/14,22.0146,19.7861
11/17/14,17.7327,18.5557
11/18/14,22.6475,20.7983
11/19/14,9.3797,16.5866
11/20/14,21.7621,17.9298
11/21/14,45.3277,25.4898
11/24/14,77.5406,48.2101
11/25/14,94.3081,72.3921
11/26/14,95.8219,89.2235
11/28/14,96.574,95.568
12/1/14,81.2905,91.2288
12/2/14,49.3006,75.7217
12/3/14,18.8833,49.8248
12/4/14,9.1295,25.7711
12/5/14,10.3953,12.8027
12/8/14,35.0405,18.1885
12/9/14,53.2011,32.879
12/10/14,75.3029,54.5149
12/11/14,67.354,65.286
12/12/14,59.9934,67.5501
12/15/14,59.4327,62.26
12/16/14,61.5923,60.3395
12/17/14,61.8414,60.9555
12/18/14,57.8046,60.4127
12/19/14,53.2296,57.6252
12/22/14,64.6416,58.5586
12/23/14,48.2523,55.3745
12/24/14,43.1745,52.0228
12/26/14,28.0404,39.8224
12/29/14,45.0839,38.7663
12/30/14,56.6667,43.2637
12/31/14,66.8454,56.1987
1/2/15,70.8509,64.7876
1/5/15,73.2076,70.3013
1/6/15,76.0362,73.3649
1/7/15,82.3553,77.1997
1/8/15,77.8587,78.7501
1/9/15,75.9425,78.7189
1/12/15,77.0877,76.963
1/13/15,87.7624,80.2642
1/14/15,87.5183,84.1228
1/15/15,86.5884,87.2897
1/16/15,67.3393,80.482
1/20/15,61.4453,71.791
1/21/15,44.3015,57.6954
1/22/15,42.5799,49.4422
1/23/15,53.3815,46.7543
1/26/15,67.8834,54.6149
1/27/15,79.9817,67.0822
1/28/15,80.9402,76.2684
1/29/15,75.5083,78.8101
1/30/15,85.6705,80.7063
2/2/15,83.872,81.6836
2/3/15,68.5174,79.3533
2/4/15,47.9816,66.7903
2/5/15,24.16,46.8863
2/6/15,18.0117,30.0511
2/9/15,7.6331,16.6016
2/10/15,3.1362,9.5937
2/11/15,8.6026,6.4573
2/12/15,21.7751,11.1713
2/13/15,27.7333,19.3703
2/17/15,26.9518,25.4868
2/18/15,26.9946,27.2266
2/19/15,35.5072,29.8179
2/20/15,50.9476,37.8165
2/23/15,67.5756,51.3435
2/24/15,85.2276,67.917
2/25/15,97.4701,83.4245
2/26/15,85.4217,89.3731
2/27/15,76.6034,86.4984
3/2/15,44.2184,68.7478
3/3/15,24.3591,48.3936
3/4/15,1.7462,23.4413
3/5/15,7.1562,11.0872
3/6/15,7.5681,5.4902
3/9/15,16.8131,10.5125
3/10/15,26.2376,16.873
3/11/15,55.6804,32.9104
3/12/15,70.0845,50.6675
3/13/15,69.5574,65.1074
3/16/15,50.2773,63.3064
3/17/15,41.8043,53.8796
3/18/15,58.4675,50.183
3/19/15,68.7603,56.344
3/20/15,79.0795,68.7691
3/23/15,79.0795,75.6398
3/24/15,90.3499,82.8363
3/25/15,76.9913,82.1402
3/26/15,47.3382,71.5598
3/27/15,26.8354,50.3883
3/30/15,29.7468,34.6401
3/31/15,48.9451,35.1758
4/1/15,60.3492,46.3471
4/2/15,58.7243,56.0062
4/6/15,53.1941,57.4225
4/7/15,61.7402,57.8862
4/8/15,76.9905,63.9749
4/9/15,66.3966,68.3757
4/10/15,46.4333,63.2734
4/13/15,26.9665,46.5988
4/14/15,40.5292,37.9764
4/15/15,49.8449,39.1136
4/16/15,54.5931,48.3224
4/17/15,64.252,56.23
4/20/15,58.5197,59.1216
4/21/15,57.4707,60.0808
4/22/15,30.1149,48.7018
4/23/15,24.4895,37.3584
4/24/15,26.0119,26.8721
4/27/15,41.8161,30.7725
4/28/15,34.3168,34.0483
4/29/15,22.2793,32.8041
4/30/15,15.4947,24.0302
5/1/15,14.924,17.566
5/4/15,11.4547,13.9578
5/5/15,6.8868,11.0885
5/6/15,7.7727,8.7047
5/7/15,19.7588,11.4727
5/8/15,43.2815,23.6043
5/11/15,43.5021,35.5141
5/12/15,38.6228,41.8022
5/13/15,15.4394,32.5214
5/14/15,24.6305,26.2309
5/15/15,49.2986,29.7895
5/18/15,57.0486,43.6592
5/19/15,45.2675,50.5382
5/20/15,18.0528,40.123
5/21/15,20.4787,27.933
5/22/15,37.7912,25.4409
5/26/15,64.9077,41.0592
5/27/15,80.7946,61.1645
5/28/15,86.8752,77.5258
5/29/15,78.9797,82.2165
6/1/15,48.9797,71.6115
6/2/15,26.896,51.6184
6/3/15,5.5607,27.1455
6/4/15,13.6364,15.3644
6/5/15,18.0114,12.4028
6/8/15,23.501,18.3829
6/9/15,16.2749,19.2625
6/10/15,12.2787,17.3516
6/11/15,33.3878,20.6471
6/12/15,52.9517,32.8727
6/15/15,72.4761,52.9385
6/16/15,71.6424,65.6901
6/17/15,76.0288,73.3824
6/18/15,71.2771,72.9827
6/19/15,73.4093,73.5717
6/22/15,50.8993,65.1952
6/23/15,39.6829,54.6638
6/24/15,21.648,37.4101
6/25/15,26.1609,29.1639
6/26/15,25.316,24.375
6/29/15,42.5464,31.3411
6/30/15,57.0207,41.6277
7/1/15,59.0822,52.8831
7/2/15,46.2069,54.1033
7/6/15,49.3103,51.5331
7/7/15,67.6437,54.387
7/8/15,78.7606,65.2382
7/9/15,63.658,70.0208
7/10/15,42.5605,61.6597
7/13/15,17.8783,41.3656
7/14/15,12.1384,24.1924
7/15/15,20.9932,17.0033
7/16/15,48.0798,27.0705
7/17/15,71.3743,46.8158
7/20/15,77.1741,65.5427
7/21/15,72.8758,73.8081
7/22/15,71.0678,73.7059
7/23/15,82.5761,75.5066
7/24/15,82.6975,78.7805
7/27/15,81.0502,82.108
7/28/15,68.8402,77.5293
7/29/15,55.1928,68.3611
7/30/15,42.5889,55.5406
7/31/15,55.8692,51.217
8/3/15,72.3282,56.9287
8/4/15,66.8148,65.004
8/5/15,39.7197,59.6209
8/6/15,20.3779,42.3042
8/7/15,33.7914,31.2963
8/10/15,40.8621,31.6771
8/11/15,55.0757,43.2431
8/12/15,48.5407,48.1595
8/13/15,40.3142,47.9769
8/14/15,24.2672,37.7074
8/17/15,29.673,31.4182
8/18/15,32.4201,28.7868
8/19/15,52.2328,38.1086
8/20/15,62.7131,49.122
8/21/15,83.179,66.0416
8/24/15,70.068,71.9867
8/25/15,45.0192,66.0888
8/26/15,25.0298,46.7057
8/27/15,18.5935,29.5475
8/28/15,25.829,23.1507
8/31/15,30.8319,25.0848
9/1/15,44.4414,33.7007
9/2/15,49.1176,41.4636
9/3/15,67.0974,53.5521
9/4/15,75.3619,63.859
9/8/15,75.6595,72.7063
9/9/15,68.2488,73.0901
9/10/15,49.6802,64.5295
9/11/15,47.0136,54.9809
9/14/15,45.1401,47.278
9/15/15,36.4734,42.8757
9/16/15,30.7401,37.4512
9/17/15,43.241,36.8182
9/18/15,71.4173,48.4661
9/21/15,82.6908,65.783
9/22/15,79.1897,77.7659
9/23/15,75.1964,79.0256
9/24/15,74.0723,76.1528
9/25/15,50.7906,66.6864
9/28/15,36.01,53.6243
9/29/15,35.4099,40.7369
9/30/15,46.9349,39.4516
10/1/15,43.9827,42.1092
10/2/15,50.442,47.1199
10/5/15,46.4356,46.9534
10/6/15,58.6957,51.8578
10/7/15,66.9406,57.3573
10/8/15,70.1229,65.2531
10/9/15,66.7355,67.933
10/12/15,65.3263,67.3949
10/13/15,75.5963,69.2193
10/14/15,90.6181,77.1802
10/15/15,90.8824,85.6989
10/16/15,96.0323,92.5109
10/19/15,94.2446,93.7198
10/20/15,77.4525,89.2431
10/21/15,77.9208,83.206
10/22/15,74.8814,76.7516
10/23/15,76.8293,76.5438
10/26/15,66.9377,72.8828
10/27/15,54.7351,66.1674
10/28/15,42.4373,54.7034
10/29/15,22.582,39.9181
10/30/15,14.8842,26.6345
11/2/15,11.1204,16.1955
11/3/15,11.6922,12.5656
11/4/15,4.5193,9.1106
11/5/15,11.4878,9.2331
11/6/15,11.5064,9.1711
11/9/15,13.5815,12.1919
11/10/15,16.4376,13.8418
11/11/15,24.0747,18.0313
11/12/15,36.9099,25.8074
11/13/15,57.3597,39.4481
11/16/15,73.7097,55.9931
11/17/15,81.4207,70.83
11/18/15,75.5937,76.9081
11/19/15,77.747,78.2538
11/20/15,82.3755,78.5721
11/23/15,87.2928,82.4718
11/24/15,86.672,85.4468
11/25/15,85.2601,86.4083
11/27/15,79.9541,83.9621
11/30/15,79.1503,81.4548
12/1/15,84.8013,81.3019
12/2/15,82.6077,82.1864
12/3/15,56.1564,74.5218
12/4/15,35.5982,58.1208
12/7/15,28.7958,40.1835
12/8/15,41.5101,35.3014
12/9/15,48.1034,39.4698
12/10/15,39.3019,42.9718
12/11/15,38.2115,41.8723
12/14/15,23.539,33.6841
12/15/15,25.9586,29.2363
12/16/15,25.1658,24.8878
12/17/15,36.2128,29.1124
12/18/15,46.8061,36.0615
12/21/15,58.3664,47.1284
12/22/15,62.8027,55.9917
12/23/15,57.0708,59.4133
12/24/15,50.1268,56.6668
12/28/15,40.6822,49.2933
12/29/15,27.0978,39.3023
12/30/15,14.0432,27.2744
12/31/15,15.2868,18.8093
1/4/16,23.6948,17.6749
1/5/16,33.8565,24.2793
1/6/16,53.0281,36.8598
1/7/16,72.0409,52.9752
1/8/16,82.6407,69.2366
1/11/16,64.1573,72.9463
1/12/16,50.8949,65.8976
1/13/16,54.6575,56.5699
1/14/16,46.1875,50.58
1/15/16,36.8305,45.8918
1/19/16,9.1716,30.7299
1/20/16,12.1961,19.3994
1/21/16,9.3113,10.2263
1/22/16,14.3872,11.9649
1/25/16,16.1432,13.2806
1/26/16,36.7159,22.4155
1/27/16,41.1604,31.3399
1/28/16,53.75,43.8754
1/29/16,61.9013,52.2706
2/1/16,62.1115,59.2543
2/2/16,57.7947,60.6025
2/3/16,34.8348,51.5803
2/4/16,34.2342,42.2879
2/5/16,29.7659,32.945
2/8/16,52.2134,38.7378
2/9/16,59.6176,47.199
2/10/16,69.4444,60.4251
2/11/16,63.4631,64.1751
2/12/16,54.53,62.4792
2/16/16,34.1043,50.6991
2/17/16,14.0455,34.2266
2/18/16,27.367,25.1723
2/19/16,53.8499,31.7541
2/22/16,81.4477,54.2215
2/23/16,91.7386,75.6787
2/24/16,87.7313,86.9725
2/25/16,85.9599,88.4766
2/26/16,83.7538,85.815
2/29/16,91.0256,86.9131
3/1/16,64.3252,79.7015
3/2/16,46.7243,67.3584
3/3/16,41.3676,50.8057
3/4/16,63.0491,50.3803
3/7/16,79.845,61.4205
3/8/16,82.1097,75.0013
3/9/16,80.6264,80.8604
3/10/16,81.2125,81.3162
3/11/16,83.5791,81.806
3/14/16,92.1338,85.6418
3/15/16,89.9362,88.5497
3/16/16,92.0232,91.3644
3/17/16,88.1172,90.0256
3/18/16,90.4151,90.1852
3/21/16,84.2816,87.6046
3/22/16,77.7801,84.1589
3/23/16,81.7448,81.2688
3/24/16,76.0685,78.5311
3/28/16,77.2109,78.3414
3/29/16,74.4331,75.9042
3/30/16,80.5582,77.4007
3/31/16,89.5044,81.4986
4/1/16,89.5549,86.5392
4/4/16,92.896,90.6518
4/5/16,93.8452,92.0987
4/6/16,93.1774,93.3062
4/7/16,94.8148,93.9458
4/8/16,83.899,90.6304
4/11/16,75.7294,84.8144
4/12/16,48.3339,69.3207
4/13/16,45.2981,56.4538
4/14/16,42.85,45.494
4/15/16,69.7566,52.6349
4/18/16,84.0168,65.5411
4/19/16,97.7563,83.8432
4/20/16,81.4835,87.7522
4/21/16,58.5502,79.2633
4/22/16,35.8674,58.6337
4/25/16,23.2238,39.2138
4/26/16,18.3357,25.809
4/27/16,41.2916,27.617
4/28/16,70.1495,43.2589
4/29/16,95.6633,69.0348
5/2/16,81.0479,82.2869
5/3/16,71.0529,82.588
5/4/16,46.6558,66.2522
5/5/16,47.9378,55.2155
5/6/16,38.4565,44.35
5/9/16,37.6481,41.3474
5/10/16,37.5199,37.8748
5/11/16,48.9723,41.3801
5/12/16,53.2051,46.5658
5/13/16,55.0265,52.4013
5/16/16,32.7877,47.0064
5/17/16,25.9311,37.9151
5/18/16,6.6477,21.7888
5/19/16,13.8364,15.4717
5/20/16,20.7667,13.7503
5/23/16,30.1217,21.575
5/24/16,31.1322,27.3402
5/25/16,49.6878,36.9806
5/26/16,64.6319,48.484
5/27/16,78.7141,64.3446
5/31/16,79.622,74.3227
6/1/16,71.3618,76.566
6/2/16,70.7473,73.9104
6/3/16,74.4906,72.1999
6/6/16,82.6154,75.9511
6/7/16,88.0391,81.715
6/8/16,87.8036,86.1527
6/9/16,89.1148,88.3192
6/10/16,88.121,88.3465
6/13/16,74.9545,84.0634
6/14/16,53.574,72.2165
6/15/16,49.7687,59.4324
6/16/16,57.4094,53.584
6/17/16,63.6626,56.9469
6/20/16,46.9136,55.9952
6/21/16,22.871,44.4824
6/22/16,22.2706,30.6851
6/23/16,25.139,23.4269
6/24/16,44.8512,30.7536
6/27/16,59.4876,43.1593
6/28/16,82.6646,62.3344
6/29/16,86.9856,76.3793
6/30/16,91.825,87.1584
7/1/16,89.997,89.6025
7/5/16,93.6843,91.8354
7/6/16,94.0778,92.5864
7/7/16,93.4043,93.7222
7/8/16,95.0873,94.1898
7/11/16,85.9778,91.4898
7/12/16,56.1499,79.0717
7/13/16,37.9317,60.0198
7/14/16,24.2014,39.4276
7/15/16,25.9281,29.3537
7/18/16,18.2726,22.8007
7/19/16,22.1188,22.1065
7/20/16,37.3467,25.9127
7/21/16,59.3588,39.6081
7/22/16,68.6897,55.1317
7/25/16,70.92,66.3228
7/26/16,56.3998,65.3365
7/27/16,64.5446,63.9548
7/28/16,69.7347,63.5597
7/29/16,86.9592,73.7462
8/1/16,57.0626,71.2522
8/2/16,35.3234,59.7818
8/3/16,9.2472,33.8778
8/4/16,23.3161,22.6289
8/5/16,29.1519,20.5717
8/8/16,36.25,29.5727
8/9/16,53.1485,39.5168
8/10/16,75.3155,54.9047
8/11/16,83.6508,70.7049
8/12/16,79.9407,79.6356
8/15/16,65.0323,76.2079
8/16/16,47.382,64.1183
8/17/16,34.2727,48.8956
8/18/16,42.4526,41.3691
8/19/16,51.8994,42.8749
8/22/16,65.822,53.3913
8/23/16,67.3402,61.6872
8/24/16,76.3408,69.8343
8/25/16,65.5398,69.7403
8/26/16,42.1709,61.3505
8/29/16,43.25,50.3203
8/30/16,43.6578,43.0262
8/31/16,58.1121,48.34
9/1/16,47.0254,49.5984
9/2/16,36.4286,47.1887
9/6/16,42.4903,41.9814
9/7/16,48.8756,42.5981
9/8/16,43.0016,44.7891
9/9/16,21.1447,37.6739
9/12/16,6.5703,23.5722
9/13/16,8.9885,12.2345
9/14/16,14.5082,10.0223
9/15/16,24.3091,15.9353
9/16/16,42.5148,27.1107
9/19/16,58.6711,41.8317
9/20/16,66.5894,55.9251
9/21/16,76.7113,67.3239
9/22/16,84.451,75.9172
9/23/16,91.2211,84.1278
9/26/16,89.0553,88.2425
9/27/16,90.6718,90.3161
9/28/16,93.3138,91.0137
9/29/16,90.7762,91.5873
9/30/16,75.6403,86.5768
10/3/16,44.7761,70.3975
10/4/16,16.9154,45.7773
10/5/16,2.6217,21.4378
10/6/16,5.7699,8.4357
10/7/16,17.5647,8.6521
10/10/16,31.6097,18.3148
10/11/16,33.31,27.4948
10/12/16,38.1818,34.3672
10/13/16,48.6263,40.0394
10/14/16,45.5556,44.1212
10/17/16,48.4444,47.5421
10/18/16,54.2222,49.4074
10/19/16,82.6528,61.7731
10/20/16,86.9478,74.6076
10/21/16,78.4575,82.686
10/24/16,57.9419,74.4491
10/25/16,37.8888,58.0961
10/26/16,13.8983,36.5763
10/27/16,9.2507,20.3459
10/28/16,8.0173,10.3888
10/31/16,12.951,10.073
11/1/16,14.2278,11.7321
11/2/16,26.576,17.9183
11/3/16,30.0576,23.6205
11/4/16,44.324,33.6526
11/7/16,54.992,43.1246
11/8/16,53.815,51.0437
11/9/16,35.7407,48.1826
11/10/16,12.5734,34.0431
11/11/16,5.6514,17.9885
11/14/16,5.8354,8.0201
11/15/16,12.0695,7.8521
11/16/16,25.7458,14.5502
11/17/16,25.88,21.2318
11/18/16,18.7447,23.4568
11/21/16,8.4465,17.6904
11/22/16,16.1949,14.462
11/23/16,25.052,16.5644
11/25/16,33.9517,25.0662
11/28/16,55.2294,38.0777
11/29/16,77.1524,55.4445
11/30/16,84.9834,72.4551
12/1/16,58.3576,73.4978
12/2/16,41.5698,61.6369
12/5/16,41.0853,47.0042
12/6/16,62.0162,48.2238
12/7/16,77.0513,60.0509
12/8/16,72.2197,70.4291
12/9/16,50.1545,66.4752
12/12/16,24.8537,49.076
12/13/16,20.765,31.9244
12/14/16,17.4419,21.0202
12/15/16,15.5117,17.9062
12/16/16,5.3457,12.7664
12/19/16,19.9746,13.6106
12/20/16,30.303,18.5411
12/21/16,61.6569,37.3115
12/22/16,67.7582,53.2394
12/23/16,79.8794,69.7649
12/27/16,62.4145,70.0174
12/28/16,68.7572,70.3504
12/29/16,72.6471,67.9396
12/30/16,86.4171,75.9405
1/3/17,89.0452,82.7031
1/4/17,92.7311,89.3978
1/5/17,96.5931,92.7898
1/6/17,87.5389,92.2877
1/9/17,79.8424,87.9915
1/10/17,64.2205,77.2006
1/11/17,60.5474,68.2035
1/12/17,51.3715,58.7132
1/13/17,46.7098,52.8763
1/17/17,55.0479,51.0431
1/18/17,42.0652,47.941
1/19/17,33.5652,43.5594
1/20/17,16.0148,30.5484
1/23/17,32.0488,27.2096
1/24/17,45.7299,31.2645
1/25/17,42.8328,40.2039
1/26/17,33.6187,40.7272
1/27/17,30.0297,35.4938
1/30/17,35.7378,33.1287
1/31/17,49.3135,38.3603
2/1/17,46.8719,43.9744
2/2/17,48.1457,48.1104
2/3/17,41.1003,45.3726
2/6/17,58.2524,49.1662
2/7/17,73.5798,57.6442
2/8/17,87.3483,73.0602
2/9/17,77.4512,79.4598
2/10/17,61.8736,75.5577
2/13/17,39.6099,59.6449
2/14/17,30.5671,44.0169
2/15/17,27.3966,32.5246
2/16/17,45.0346,34.3328
2/17/17,64.5717,45.6677
2/21/17,84.818,64.8081
2/22/17,84.7641,78.0513
2/23/17,87.6976,85.7599
2/24/17,89.3943,87.2853
2/27/17,87.8078,88.2999
2/28/17,81.5396,86.2472
3/1/17,54.2249,74.5241
3/2/17,32.5689,56.1111
3/3/17,13.9785,33.5908
3/6/17,13.382,19.9764
3/7/17,14.1965,13.8523
3/8/17,11.3446,12.9744
3/9/17,9.1818,11.5743
3/10/17,12.033,10.8531
3/13/17,7.4101,9.5416
3/14/17,10.2165,9.8865
3/15/17,34.8183,17.4817
3/16/17,60.9786,35.3378
3/17/17,87.8956,61.2308
3/20/17,89.7177,79.5306
3/21/17,94.9676,90.8603
3/22/17,94.4544,93.0466
3/23/17,89.1217,92.8479
3/24/17,87.7115,90.4292
3/27/17,86.9915,87.9416
3/28/17,73.6222,82.7751
3/29/17,76.9556,79.1898
3/30/17,62.9131,71.1636
3/31/17,66.7368,68.8685
4/3/17,66.7368,65.4622
4/4/17,64.2914,65.9216
4/5/17,69.281,66.7697
4/6/17,66.0131,66.5285
4/7/17,59.7677,65.0206
4/10/17,50.4035,58.7281
4/11/17,51.1353,53.7688
4/12/17,77.6421,59.727
4/13/17,95.8656,74.881
4/17/17,90.7095,88.0724
4/18/17,89.519,92.0314
4/19/17,79.2332,86.4872
4/20/17,63.0572,77.2698
4/21/17,40.3793,60.8899
4/24/17,25.4838,42.9734
4/25/17,17.326,27.7297
4/26/17,20.3609,21.0569
4/27/17,30.4739,22.7203
4/28/17,60.3495,37.0614
5/1/17,52.6687,47.8307
5/2/17,54.8776,55.9653
5/3/17,40.1606,49.2357
5/4/17,42.881,45.9731
5/5/17,35.6939,39.5785
5/8/17,22.941,33.8386
5/9/17,21.6758,26.7702
5/10/17,32.2097,25.6088
5/11/17,54.8856,36.257
5/12/17,80.9543,56.0166
5/15/17,90.1237,75.3212
5/16/17,92.4419,87.84
5/17/17,92.3567,91.6408
5/18/17,92.1022,92.3003
5/19/17,96.4555,93.6381
5/22/17,93.6197,94.0591
5/23/17,64.9069,84.994
5/24/17,48.2487,68.9251
5/25/17,37.874,50.3432
5/26/17,59.2593,48.4606
5/30/17,75.74,57.6244
5/31/17,89.647,74.8821
6/1/17,85.1847,83.5239
6/2/17,83.4374,86.0897
6/5/17,69.1642,79.2621
6/6/17,78.7731,77.1249
6/7/17,71.5433,73.1602
6/8/17,61.4478,70.5881
6/9/17,40.722,57.9044
6/12/17,26.2813,42.8171
6/13/17,33.6955,33.5663
6/14/17,52.4057,37.4608
6/15/17,63.2603,49.7871
6/16/17,69.3226,61.6629
6/19/17,60.4067,64.3299
6/20/17,57.2167,62.3153
6/21/17,64.406,60.6765
6/22/17,73.6581,65.0936
6/23/17,87.1453,75.0698
6/26/17,84.7228,81.8421
6/27/17,58.7974,76.8885
6/28/17,40.7254,61.4152
6/29/17,21.2732,40.2653
6/30/17,24.5667,28.8551
7/3/17,12.0219,19.2872
7/5/17,11.7436,16.1107
7/6/17,15.9508,13.2387
7/7/17,22.1132,16.6025
7/10/17,31.6811,23.2484
7/11/17,46.9317,33.5754
7/12/17,70.5311,49.7147
7/13/17,76.4135,64.6254
7/14/17,78.4791,75.1413
7/17/17,78.3123,77.735
7/18/17,89.0966,81.9627
7/19/17,92.3069,86.5719
7/20/17,89.984,90.4625
7/21/17,88.2599,90.1836
7/24/17,82.5529,86.9323
7/25/17,56.3333,75.7154
7/26/17,40.1419,59.676
7/27/17,21.5522,39.3425
7/28/17,38.7791,33.4911
7/31/17,51.8241,37.3851
8/1/17,80.0756,56.893
8/2/17,83.5553,71.8183
8/3/17,84.7222,82.7844
8/4/17,59.2593,75.8456
8/7/17,46.7593,63.5802
8/8/17,17.7249,41.2478
8/9/17,14.0969,26.1937
8/10/17,12.9772,14.933
8/11/17,30.9967,19.3569
8/14/17,45.8799,29.9513
8/15/17,49.7062,42.1943
8/16/17,55.9705,50.5189
8/17/17,65.2893,56.9887
8/18/17,72.6783,64.646
8/21/17,73.2473,70.4049
8/22/17,63.0251,69.6502
8/23/17,76.5205,70.931
8/24/17,70.1201,69.8886
8/25/17,81.1286,75.9231
8/28/17,77.5092,76.2526
8/29/17,75.7306,78.1228
8/30/17,67.5632,73.601
8/31/17,67.6658,70.3199
9/1/17,50.7671,61.9987
9/5/17,57.8519,58.7616
9/6/17,41.3092,49.9761
9/7/17,67.3415,55.5009
9/8/17,53.7148,54.1218
9/11/17,41.6185,54.2249
9/12/17,20.2424,38.5252
9/13/17,7.5728,23.1445
9/14/17,19.5931,15.8027
9/15/17,39.2385,22.1348
9/18/17,60.72,39.8506
9/19/17,75.3386,58.4324
9/20/17,67.6364,67.8983
9/21/17,61.2727,68.0826
9/22/17,59.2268,62.7119
9/25/17,74.5034,65.001
9/26/17,89.0555,74.2619
9/27/17,75.9632,79.8407
9/28/17,63.2291,76.0826
9/29/17,55.6911,64.9611
10/2/17,58.945,59.2884
10/3/17,72.2611,62.299
10/4/17,76.7622,69.3227
10/5/17,78.7946,75.9393
10/6/17,63.3179,72.9582
10/9/17,56.7509,66.2878
10/10/17,61.7594,60.6094
10/11/17,64.4881,60.9994
10/12/17,63.8554,63.3676
10/13/17,71.7073,66.6836
10/16/17,73.5318,69.6982
10/17/17,73.199,72.8127
10/18/17,55.2381,67.323
10/19/17,52.459,60.2987
10/20/17,39.5874,49.0949
10/23/17,41.5655,44.5373
10/24/17,23.8227,34.9919
10/25/17,20.3796,28.5893
10/26/17,11.5151,18.5725
10/27/17,28.8135,20.2361
10/30/17,56.1056,32.1448
10/31/17,76.3056,53.7416
11/1/17,76.73,69.7137
11/2/17,60.1286,71.0547
11/3/17,52.7348,63.1978
11/6/17,53.8906,55.5847
11/7/17,56.0621,54.2292
11/8/17,39.5632,49.8386
11/9/17,22.455,39.3601
11/10/17,7.4493,23.1558
11/13/17,8.9056,12.9366
11/14/17,9.7625,8.7058
11/15/17,30.2922,16.3201
11/16/17,50.908,30.3209
11/17/17,74.7518,51.984
11/20/17,78.8389,68.1662
11/21/17,85.8518,79.8142
11/22/17,90.2658,84.9855
11/24/17,90.4275,88.8484
11/27/17,84.4564,88.3832
11/28/17,80.9242,85.2694
11/29/17,61.8766,75.7524
11/30/17,44.1787,62.3265
12/1/17,26.2175,44.0909
12/4/17,35.1641,35.1868
12/5/17,53.1162,38.1659
12/6/17,70.7044,52.9949
12/7/17,74.3304,66.0503
12/8/17,62.6283,69.221
12/11/17,45.0765,60.6784
12/12/17,32.7176,46.8075
12/13/17,45.41,41.0681
12/14/17,66.4173,48.1816
12/15/17,89.4427,67.09
12/18/17,83.5316,79.7972
12/19/17,56.1578,76.3774
12/20/17,26.7626,55.484
12/21/17,12.6316,31.8507
12/22/17,16.6316,18.6752
12/26/17,34.1278,21.1303
12/27/17,61.0698,37.2764
12/28/17,83.4996,59.5657
12/29/17,95.3672,79.9789
1/2/18,69.7145,82.8604
1/3/18,52.7661,72.6159
1/4/18,34.0741,52.1849
1/5/18,38.2222,41.6875
1/8/18,37.4907,36.5957
1/9/18,25.745,33.8193
1/10/18,31.4211,31.5523
1/11/18,43.6504,33.6055
1/12/18,70.0363,48.3693
1/16/18,79.8388,64.5085
1/17/18,72.7878,74.221
1/18/18,49.1105,67.2457
1/19/18,23.3278,48.4087
1/22/18,5.6003,26.0129
1/23/18,15.086,14.6714
1/24/18,33.9201,18.2021
1/25/18,66.6083,38.5381
1/26/18,81.8139,60.7807
1/29/18,76.8799,75.1007
1/30/18,47.507,68.7336
1/31/18,31.3231,51.9033
2/1/18,17.9734,32.2678
2/2/18,16.4563,21.9176
2/5/18,11.898,15.4426
2/6/18,13.7563,14.0368
2/7/18,11.8449,12.4997
2/8/18,4.9453,10.1821
2/9/18,1.5982,6.1295
2/12/18,1.4713,2.6716
2/13/18,7.0403,3.3699
2/14/18,8.8106,5.7741
2/15/18,30.6279,15.493
2/16/18,54.3056,31.248
2/20/18,67.0707,50.6681
2/21/18,46.6162,55.9975
2/22/18,22.4242,45.3704
2/23/18,27.0202,32.0202
2/26/18,48.6622,32.7022
2/27/18,53.2867,42.9897
2/28/18,46.7164,49.5551
3/1/18,29.272,43.0917
3/2/18,20.1051,32.0312
3/5/18,9.813,19.7301
3/6/18,10.4515,13.4566
3/7/18,17.1672,12.4772
3/8/18,36.8072,21.4753
3/9/18,32.7287,28.901
3/12/18,34.8485,34.7948
3/13/18,23.2323,30.2698
3/14/18,44.4444,34.1751
3/15/18,63.6967,43.7911
3/16/18,83.2493,63.7968
3/19/18,71.4718,72.8059
3/20/18,43.5838,66.1016
3/21/18,22.8398,45.9651
3/22/18,25.3838,30.6025
3/23/18,30.0914,26.105
3/26/18,47.0836,34.1863
3/27/18,63.7919,46.989
3/28/18,87.8028,66.2261
3/29/18,93.214,81.6029
4/2/18,84.4509,88.4892
4/3/18,68.9244,82.1964
4/4/18,39.0903,64.1552
4/5/18,24.2015,44.0721
4/6/18,42.8776,35.3898
4/9/18,71.7758,46.285
4/10/18,87.6199,67.4245
4/11/18,80.5277,79.9745
4/12/18,55.4655,74.5377
4/13/18,38.7279,58.2404
4/16/18,24.3589,39.5174
4/17/18,31.5823,31.5564
4/18/18,25.7093,27.2168
4/19/18,18.1537,25.1484
4/20/18,5.3074,16.3901
4/23/18,7.4962,10.3191
4/24/18,4.7142,5.8393
4/25/18,8.2451,6.8185
4/26/18,18.5438,10.501
4/27/18,44.9079,23.8989
4/30/18,65.7246,43.0588
5/1/18,55.5365,55.3897
5/2/18,27.6379,49.633
5/3/18,4.44,29.2048
5/4/18,8.0816,13.3865
5/7/18,13.8501,8.7906
5/8/18,25.8331,15.9216
5/9/18,31.3171,23.6668
5/10/18,58.4705,38.5402
5/11/18,77.8201,55.8692
5/14/18,91.4177,75.9028
5/15/18,63.1834,77.4738
5/16/18,31.5373,62.0462
5/17/18,7.5816,34.1008
5/18/18,14.8945,18.0045
5/21/18,34.0139,18.83
5/22/18,57.4895,35.466
5/23/18,76.4902,55.9979
5/24/18,88.48,74.1532
5/25/18,95.4818,86.8173
5/29/18,94.3603,92.774
5/30/18,83.7286,91.1902
5/31/18,66.5998,81.5629
6/1/18,39.1097,63.146
6/4/18,17.5986,41.1027
6/5/18,4.6687,20.459
6/6/18,5.3848,9.2174
6/7/18,23.412,11.1552
6/8/18,33.7254,20.8407
6/11/18,39.1383,32.0919
6/12/18,30,34.2879
6/13/18,26.9753,32.0379
6/14/18,51.3933,36.1229
6/15/18,63.1834,47.184
6/18/18,70.5908,61.7225
6/19/18,56.4815,63.4186
6/20/18,37.2393,54.7705
6/21/18,20.2639,37.9949
6/22/18,10.5622,22.6885
6/25/18,14.2357,15.0206
6/26/18,34.3907,19.7295
6/27/18,58.5986,35.7417
6/28/18,81.3272,58.1055
6/29/18,85.2271,75.051
7/2/18,64.1745,76.9096
7/3/18,60.8455,70.0824
7/5/18,69.7407,64.9202
7/6/18,87.8171,72.8011
7/9/18,95.4711,84.343
7/10/18,88.307,90.5318
7/11/18,89.7207,91.1663
7/12/18,90.8903,89.6394
7/13/18 10:23,97.9613,92.8575